idx,o,d,hour,o_h3,d_h3,o_x,o_y,d_x,d_y,time
0,58,33,7,,,126.8351102908853,37.20865654377105,126.82904023491179,37.199889518315004,2024-10-24 07:00:02
1,53,52,7,,,126.82899154095561,37.20665746511774,126.83116076083829,37.218329189628726,2024-10-24 07:00:47
2,1,35,7,,,126.81558158734458,37.19726467409877,126.81914630499807,37.20217739586227,2024-10-24 07:02:02
3,11,22,7,,,126.81378170780339,37.207348782083976,126.81505242137932,37.19484091568188,2024-10-24 07:04:44
4,72,9,7,,,126.81119882167764,37.20720431431367,126.81418100014383,37.205412735908276,2024-10-24 07:04:50
5,63,7,7,,,126.83532943014504,37.21044573711288,126.82782263663916,37.20716998121308,2024-10-24 07:05:22
6,10,46,7,,,126.81669808855777,37.2090562211007,126.82929758230226,37.21145721668734,2024-10-24 07:06:36
7,1,8,7,,,126.8169006246932,37.19843068259389,126.82446038059459,37.20612447126452,2024-10-24 07:06:59
8,56,41,7,,,126.83450561929102,37.206383956432624,126.8344537407498,37.19747385426851,2024-10-24 07:07:15
9,47,8,7,,,126.82670725422716,37.210866188521685,126.82383583521592,37.206044826350116,2024-10-24 07:09:26
10,58,33,7,,,126.83445617754074,37.20820648230731,126.83015914153866,37.20157278235967,2024-10-24 07:10:26
11,17,54,7,,,126.82582463350782,37.196510002175835,126.83354519759997,37.20972743013794,2024-10-24 07:11:06
12,17,54,7,,,126.82616587189635,37.19750260757511,126.83334010927784,37.21010029509858,2024-10-24 07:15:53
13,42,70,7,,,126.8314077515116,37.19660942077876,126.83754272608657,37.20970659514863,2024-10-24 07:17:56
14,10,28,7,,,126.81792460325724,37.20864922133936,126.8287238371298,37.203154509511734,2024-10-24 07:18:58
15,70,33,7,,,126.83792657624399,37.20858159781875,126.82832865505539,37.200842663093184,2024-10-24 07:23:04
16,70,33,7,,,126.83785388488121,37.20941572946656,126.82876366805148,37.1999077912561,2024-10-24 07:25:29
17,11,2,7,,,126.81527214278005,37.20832958949957,126.82203594464643,37.20562669751548,2024-10-24 07:31:21
18,28,17,7,,,126.83051739214432,37.203240231305024,126.82651951893382,37.1970496397613,2024-10-24 07:31:33
19,69,30,7,,,126.83744053042194,37.20746858136262,126.83185363700696,37.19835452517944,2024-10-24 07:36:01
20,53,46,7,,,126.82982066615983,37.207289141057714,126.83093224082089,37.21287033170813,2024-10-24 07:40:40
21,47,12,7,,,126.8278863978298,37.21016709993778,126.8190169462024,37.20498147973594,2024-10-24 07:42:50
22,1,7,7,,,126.81659936655731,37.197299945755375,126.82658050816569,37.20752133988375,2024-10-24 07:43:39
23,42,70,7,,,126.83108064419001,37.19603309686063,126.83794146946747,37.209032784314125,2024-10-24 07:43:53
24,19,70,7,,,126.82913614569499,37.194177633776306,126.83730835504944,37.2096078090528,2024-10-24 07:44:14
25,28,43,7,,,126.83007497259823,37.20312988589034,126.8239173153216,37.189170310044936,2024-10-24 07:46:44
26,70,42,7,,,126.83727661676677,37.209801735213276,126.83227015465752,37.19692623318147,2024-10-24 07:48:19
27,10,17,7,,,126.81710006007403,37.20963803121529,126.82658415081403,37.19621052148568,2024-10-24 07:48:52
28,55,58,7,,,126.82951332756134,37.20986422235941,126.8344903832303,37.208459826828225,2024-10-24 07:49:17
29,70,17,7,,,126.83824463114478,37.209919264562934,126.82674899336556,37.19656762484159,2024-10-24 07:49:49
30,64,7,7,,,126.84283605837885,37.2025049993811,126.82663168622659,37.20892525353555,2024-10-24 07:52:16
31,55,46,7,,,126.82920965380704,37.209394440075805,126.83011812882907,37.21179770545424,2024-10-24 07:52:28
32,33,58,7,,,126.82884975512937,37.20029668896048,126.83601889889792,37.207880620289295,2024-10-24 07:54:57
33,10,17,7,,,126.81752779184708,37.21007686298132,126.82625084824258,37.19608895887435,2024-10-24 07:55:15
34,11,17,7,,,126.81509681474796,37.208514412915655,126.82579019662678,37.196492910293934,2024-10-24 07:56:37
35,63,4,7,,,126.83483635383908,37.211887979818336,126.82229032269933,37.20816679425684,2024-10-24 07:56:46
36,37,68,7,,,126.82068599975524,37.1978594322526,126.84060021238372,37.20217130694512,2024-10-24 07:59:49
37,33,56,8,,,126.83031118225912,37.2005823539096,126.83405525115032,37.20663511218866,2024-10-24 08:00:38
38,33,56,8,,,126.8291527232081,37.200904545885024,126.83495429513918,37.205810263871534,2024-10-24 08:02:42
39,31,2,8,,,126.82917461167291,37.198008646220245,126.82104619392969,37.20636557988182,2024-10-24 08:03:59
40,13,69,8,,,126.81756174646166,37.2028088690115,126.83853224705611,37.20739577045061,2024-10-24 08:06:41
41,10,17,8,,,126.8174666042897,37.20845948768789,126.82562415751076,37.19737082526332,2024-10-24 08:06:43
42,58,13,8,,,126.83589929225585,37.207609142322276,126.81665436210325,37.20451554949557,2024-10-24 08:07:38
43,55,19,8,,,126.83047138282781,37.20989194189266,126.82842970166152,37.1943457245767,2024-10-24 08:07:52
44,69,30,8,,,126.83725862547743,37.20719684422396,126.83237951510728,37.19979256054065,2024-10-24 08:12:14
45,11,17,8,,,126.81422313834776,37.207637551133544,126.8259627097356,37.19661340352127,2024-10-24 08:13:04
46,63,52,8,,,126.83569131603967,37.21163856358536,126.83077877227738,37.217266969997695,2024-10-24 08:14:20
47,56,17,8,,,126.83431592433277,37.20607814366723,126.82593358724954,37.19703811615937,2024-10-24 08:14:22
48,36,60,8,,,126.82320994698256,37.19851610173416,126.83203373189116,37.21270722934902,2024-10-24 08:14:33
49,33,56,8,,,126.83019746563188,37.200473333967,126.83506656782313,37.205782270113225,2024-10-24 08:16:03
50,41,10,8,,,126.83355129399163,37.196935009456254,126.817417256963,37.21000575224902,2024-10-24 08:16:40
51,12,29,8,,,126.81839818135579,37.205537633582615,126.82756541976487,37.203016562052966,2024-10-24 08:17:03
52,33,56,8,,,126.829746656979,37.20007430126321,126.8347003014017,37.20512029119818,2024-10-24 08:17:48
53,56,41,8,,,126.83479240073184,37.204966083245495,126.83435761405647,37.1976072901723,2024-10-24 08:17:52
54,62,50,8,,,126.83863547646692,37.21315334658781,126.82317722344536,37.21222191883918,2024-10-24 08:24:53
55,72,35,8,,,126.81235905365237,37.20792033563987,126.8196569880834,37.20141822583927,2024-10-24 08:26:06
56,17,54,8,,,126.82573489368907,37.19757452597262,126.83245273193974,37.209197785250545,2024-10-24 08:27:22
57,10,17,8,,,126.81746832881174,37.20927231167581,126.82737394986901,37.197116369336186,2024-10-24 08:28:03
58,56,31,8,,,126.83572504780055,37.20514516179709,126.82935879016478,37.19695188342594,2024-10-24 08:33:21
59,32,59,8,,,126.83137087569163,37.20090672765226,126.83279807267182,37.20756784781019,2024-10-24 08:34:40
60,54,33,8,,,126.83299866585449,37.20979223199824,126.8285828556062,37.20154364287222,2024-10-24 08:37:51
61,31,7,8,,,126.82992899553183,37.197803862672835,126.8264151914681,37.20809380844668,2024-10-24 08:39:52
62,41,32,8,,,126.83485000021345,37.19816366189928,126.8323349521771,37.20180438610698,2024-10-24 08:41:45
63,33,56,8,,,126.82922872252256,37.200956784442035,126.835780198283,37.20650095595636,2024-10-24 08:45:51
64,5,65,8,,,126.82721953535521,37.20608704519606,126.83502932898824,37.199956911671045,2024-10-24 08:49:22
65,14,68,8,,,126.8188036504245,37.20830139672294,126.83925834067433,37.20214412667704,2024-10-24 08:51:26
66,23,41,8,,,126.82125025168611,37.191904658688884,126.83382921597791,37.19650554892933,2024-10-24 08:53:28
67,17,54,8,,,126.82597611790418,37.197339898955185,126.8331328990594,37.21058665750104,2024-10-24 08:53:31
68,7,25,8,,,126.82649008390163,37.20784567609911,126.82074567607499,37.19492630819732,2024-10-24 08:55:07
69,56,41,8,,,126.8339158210863,37.205196279740896,126.83451002708152,37.19773819372482,2024-10-24 08:56:37
70,58,33,8,,,126.83523812966274,37.20819708657115,126.82839793109376,37.20052535629012,2024-10-24 08:56:58
71,69,30,8,,,126.83709058902377,37.2071938303581,126.83217760120569,37.198249324454515,2024-10-24 08:58:59
72,68,51,8,,,126.84043062013575,37.20149784796034,126.81951925356839,37.20977349387085,2024-10-24 08:59:01
73,67,25,8,,,126.83492572295279,37.202639979073766,126.82189684297319,37.19391744937495,2024-10-24 08:59:42
74,55,43,9,,,126.82993682214828,37.208602201566805,126.82241936659194,37.19075790953909,2024-10-24 09:03:09
75,33,56,9,,,126.83015581508985,37.20156353183631,126.83523550466064,37.20588923011284,2024-10-24 09:04:46
76,33,56,9,,,126.82891491791385,37.20110529139039,126.83472551552536,37.20526148861737,2024-10-24 09:08:30
77,58,33,9,,,126.83489915005411,37.20776031591815,126.82874217913164,37.19997139339752,2024-10-24 09:09:26
78,70,33,9,,,126.83865781644047,37.21022054062486,126.82938252063649,37.2016272268194,2024-10-24 09:11:16
79,31,53,9,,,126.82896233630107,37.19693905870604,126.83037545920904,37.206336738994366,2024-10-24 09:17:23
80,17,54,9,,,126.82659876195625,37.19584615463631,126.83324474478097,37.2098848487172,2024-10-24 09:18:07
81,10,17,9,,,126.81702898846387,37.2090405545979,126.82709294177282,37.19712867647832,2024-10-24 09:19:03
82,54,33,9,,,126.83293777013608,37.21022437851367,126.82995112030649,37.20033615937518,2024-10-24 09:19:22
83,56,33,9,,,126.83569158155974,37.20654299850983,126.82975282129998,37.20089108750989,2024-10-24 09:21:39
84,11,17,9,,,126.81355659475578,37.20913560759731,126.82576275507863,37.19771044146364,2024-10-24 09:22:36
85,42,34,9,,,126.83235649494848,37.196470029046004,126.82131003763466,37.2032852765873,2024-10-24 09:25:52
86,69,30,9,,,126.83850111521848,37.207430611181586,126.83227007616736,37.19876897133381,2024-10-24 09:26:37
87,72,21,9,,,126.81196786666338,37.207359787625315,126.81843390673956,37.19551076776736,2024-10-24 09:26:53
88,56,17,9,,,126.83522084573035,37.20513088817211,126.82690754839952,37.195780729877875,2024-10-24 09:27:16
89,33,58,9,,,126.82942309833275,37.201060199692755,126.83546293833767,37.207842334788104,2024-10-24 09:27:28
90,56,17,9,,,126.83506007150693,37.20641519311105,126.82617357638107,37.1972063320726,2024-10-24 09:28:17
91,58,33,9,,,126.83521830175025,37.20827385334146,126.82872794215645,37.20049733133257,2024-10-24 09:28:19
92,63,17,9,,,126.83589704076303,37.21105338383407,126.82544468335975,37.197661764308776,2024-10-24 09:28:40
93,19,4,9,,,126.82888903523794,37.195247246463765,126.82230878489895,37.20845544193863,2024-10-24 09:29:47
94,56,33,9,,,126.83483801618311,37.20490959750406,126.82943212395817,37.20072804663607,2024-10-24 09:31:09
95,1,19,9,,,126.81675733831973,37.19777660046793,126.828312036213,37.19577747482888,2024-10-24 09:31:25
96,54,33,9,,,126.83359155243193,37.21078094529205,126.82963197486741,37.201137705756246,2024-10-24 09:32:18
97,70,33,9,,,126.83749099228653,37.20859757893863,126.8291229067157,37.20102406663442,2024-10-24 09:33:09
98,56,33,9,,,126.83572243916903,37.205496400806666,126.82863258919251,37.20055761008852,2024-10-24 09:34:27
99,70,33,9,,,126.83861435589394,37.21013926564062,126.82886014400094,37.200642241819466,2024-10-24 09:37:16
100,45,68,9,,,126.82467205530097,37.21324908630025,126.8404023637309,37.2015932097959,2024-10-24 09:37:24
101,50,21,9,,,126.8223093505528,37.21180992492258,126.81800408400223,37.19622719244164,2024-10-24 09:41:24
102,6,10,9,,,126.82404920654817,37.203521392439946,126.81794395532091,37.21006696822379,2024-10-24 09:45:03
103,33,56,9,,,126.8297981735331,37.20110464286265,126.83463717265168,37.20598417630181,2024-10-24 09:46:53
104,56,33,9,,,126.8340091664784,37.20567883479384,126.83001094607212,37.20016417942368,2024-10-24 09:47:30
105,58,33,9,,,126.8346765096834,37.20803011090385,126.82939457782246,37.2003052020012,2024-10-24 09:48:42
106,54,59,9,,,126.83229272735315,37.209663211690895,126.8317423554891,37.20799090338644,2024-10-24 09:51:16
107,69,30,9,,,126.83754821400666,37.20687509597407,126.83137227013414,37.19981641208342,2024-10-24 09:52:15
108,58,33,9,,,126.83510227350338,37.209014004272795,126.82919401856395,37.20014427459199,2024-10-24 09:52:16
109,56,17,9,,,126.83546557052165,37.20641384970397,126.82701383915862,37.19620732251522,2024-10-24 09:52:34
110,56,41,9,,,126.83442711280505,37.2055922681666,126.83451112320047,37.1966904347538,2024-10-24 09:58:48
111,58,19,10,,,126.83457627227018,37.207644761303236,126.82847860117886,37.19541840306774,2024-10-24 10:01:10
112,20,27,10,,,126.81506815055519,37.19334625970775,126.82593430743161,37.19862581876941,2024-10-24 10:02:07
113,68,64,10,,,126.83993756400953,37.20312143428834,126.84176911571927,37.20364831314388,2024-10-24 10:03:06
114,33,56,10,,,126.82864180499776,37.201221366636716,126.83506609917313,37.20526499713215,2024-10-24 10:07:49
115,60,37,10,,,126.83252724515104,37.21345178034174,126.82216250178793,37.197909365838434,2024-10-24 10:08:14
116,33,43,10,,,126.82854305226964,37.20061290498626,126.82320377810045,37.19095394819427,2024-10-24 10:08:37
117,33,56,10,,,126.82969550220929,37.19981777582005,126.83411253231901,37.20589740408415,2024-10-24 10:13:32
118,70,42,10,,,126.83757948925144,37.210090916378135,126.83114559012205,37.19693240191071,2024-10-24 10:15:24
119,66,31,10,,,126.83697433105912,37.20362970370665,126.82834338718986,37.19826632261004,2024-10-24 10:15:31
120,56,41,10,,,126.83504842899748,37.206143871856604,126.8339085935667,37.19753233221967,2024-10-24 10:16:38
121,70,33,10,,,126.83834762008979,37.20877643242316,126.82989575503711,37.20087841816685,2024-10-24 10:16:56
122,33,51,10,,,126.82864985166415,37.201199579061075,126.8201905160516,37.21063388411799,2024-10-24 10:17:29
123,33,56,10,,,126.83013032567952,37.20081737632119,126.8357916709052,37.2053935332118,2024-10-24 10:21:17
124,56,31,10,,,126.8355701917459,37.206346345612985,126.82985348363817,37.19702361143473,2024-10-24 10:22:00
125,10,17,10,,,126.81776945708482,37.209013263435885,126.827308027686,37.196326153472874,2024-10-24 10:22:18
126,56,41,10,,,126.835101039724,37.205202236269024,126.83434738238276,37.19795616996929,2024-10-24 10:23:14
127,17,54,10,,,126.82554285618718,37.19621808457304,126.83175240469964,37.2111080456994,2024-10-24 10:23:53
128,11,58,10,,,126.81348972371761,37.20776167638023,126.83521191756509,37.20749742117623,2024-10-24 10:28:46
129,54,33,10,,,126.83294305863676,37.21111504962827,126.82972889066484,37.20132319748637,2024-10-24 10:29:35
130,54,33,10,,,126.83271538191843,37.20954574841601,126.82954609808553,37.200966697692394,2024-10-24 10:29:43
131,69,30,10,,,126.83672494141177,37.205951889561895,126.83192908714234,37.198914421889135,2024-10-24 10:32:36
132,69,30,10,,,126.83696298188232,37.20660465287672,126.83265717202293,37.19803368220292,2024-10-24 10:32:40
133,56,41,10,,,126.83427240942244,37.206344824965576,126.83483146504058,37.19662019497914,2024-10-24 10:33:44
134,43,34,10,,,126.82229901443391,37.19035352065795,126.8216885412955,37.20289436423708,2024-10-24 10:34:32
135,58,15,10,,,126.83430430539316,37.20935477975768,126.8167638250586,37.20696310652399,2024-10-24 10:35:16
136,54,33,10,,,126.83260163596782,37.210742757394584,126.82949922261555,37.2013172520612,2024-10-24 10:36:44
137,58,33,10,,,126.83553878935362,37.20812023719652,126.82881708072982,37.20020761571831,2024-10-24 10:37:34
138,41,30,10,,,126.83393020785753,37.197761225971504,126.83151618658184,37.19878768479502,2024-10-24 10:38:38
139,58,19,10,,,126.83524002537926,37.208196695503446,126.82985945204652,37.19472234354544,2024-10-24 10:39:42
140,72,28,10,,,126.81125262763834,37.20815606459499,126.82975760726752,37.20372337506365,2024-10-24 10:40:10
141,70,33,10,,,126.83711712836809,37.208646747447325,126.8289219444011,37.20079146205853,2024-10-24 10:46:51
142,66,17,10,,,126.83680256516132,37.20327824125323,126.82685478944846,37.196738037416026,2024-10-24 10:47:06
143,58,19,10,,,126.83508526569081,37.20793930247437,126.82876253821777,37.195458513570095,2024-10-24 10:51:45
144,66,21,10,,,126.8369357932881,37.20395721530657,126.81796491635642,37.19554392505921,2024-10-24 10:51:53
145,33,58,10,,,126.82968279145575,37.20026894823534,126.83572553390245,37.20906971052942,2024-10-24 10:52:44
146,7,66,10,,,126.82640200157562,37.20795495306424,126.83679311644998,37.20366614929673,2024-10-24 10:59:10
147,69,1,10,,,126.83679942983512,37.207229299632026,126.81568494421207,37.19710181442579,2024-10-24 10:59:17
148,58,19,11,,,126.83473019116879,37.20802433256869,126.82986399378505,37.19520870420198,2024-10-24 11:00:10
149,53,67,11,,,126.82948599618794,37.20567206338002,126.83493521741677,37.20334011060221,2024-10-24 11:03:42
150,27,50,11,,,126.82721479987251,37.1987043348138,126.82302785477494,37.211690601749815,2024-10-24 11:04:52
151,3,29,11,,,126.82418803830325,37.20908020882311,126.82585883742513,37.2015506473013,2024-10-24 11:05:32
152,43,3,11,,,126.82292025770613,37.18968746846418,126.82464876132059,37.21070646408997,2024-10-24 11:06:00
153,20,33,11,,,126.81596469863727,37.192536160999744,126.82996753569672,37.20148260575479,2024-10-24 11:07:50
154,70,33,11,,,126.83799909405776,37.209544111599,126.83006265412553,37.20140518349109,2024-10-24 11:08:37
155,33,56,11,,,126.82930186381611,37.2006667272186,126.83398845127648,37.20480380299675,2024-10-24 11:18:35
156,10,17,11,,,126.81691823976564,37.20974423745592,126.82725344153525,37.19714441008174,2024-10-24 11:19:18
157,42,70,11,,,126.83135178836665,37.19644056022944,126.83689212745978,37.21006052884285,2024-10-24 11:19:40
158,33,56,11,,,126.82925166931797,37.20054408976171,126.83471374674644,37.20525110167404,2024-10-24 11:19:42
159,64,66,11,,,126.84292701249541,37.20374288866119,126.83714195338653,37.20453075937348,2024-10-24 11:21:43
160,42,70,11,,,126.83226635004581,37.1964556601745,126.83820608054711,37.2091991366259,2024-10-24 11:21:55
161,72,17,11,,,126.81143683379747,37.2074225208751,126.82606275062425,37.195930270882755,2024-10-24 11:23:06
162,33,56,11,,,126.82952170065931,37.201134850710936,126.83436657853956,37.20469464907772,2024-10-24 11:29:29
163,70,33,11,,,126.83863961655453,37.20873895269422,126.82860258420935,37.19969647806019,2024-10-24 11:30:03
164,7,23,11,,,126.82724125726666,37.20841029844771,126.82038964491471,37.190858401752834,2024-10-24 11:30:45
165,56,41,11,,,126.83439619152027,37.20660340855815,126.83400297235342,37.19729848543254,2024-10-24 11:32:56
166,58,19,11,,,126.83502617425533,37.20918917579153,126.82853106903002,37.195003511528256,2024-10-24 11:33:25
167,56,41,11,,,126.83449245282864,37.20650822541282,126.8340667810128,37.19760677853863,2024-10-24 11:34:01
168,52,55,11,,,126.829661307374,37.218209467135004,126.82991050214981,37.20985125144729,2024-10-24 11:35:07
169,38,17,11,,,126.82500099385138,37.20162273142014,126.82657627869683,37.19613261853605,2024-10-24 11:35:25
170,56,41,11,,,126.83566738221842,37.20565940107613,126.83378829513256,37.197924009147634,2024-10-24 11:40:55
171,39,59,11,,,126.8224225427863,37.20086739495689,126.83226434375146,37.20731779838721,2024-10-24 11:43:20
172,69,30,11,,,126.83789829254434,37.20730850260185,126.83270469370613,37.19823513940897,2024-10-24 11:45:18
173,36,71,11,,,126.82409752781103,37.199147174836575,126.83940579508842,37.20551487453987,2024-10-24 11:45:53
174,35,18,11,,,126.81917421309063,37.20264527563199,126.82472038417579,37.19659056514614,2024-10-24 11:46:01
175,62,57,11,,,126.837809173555,37.21183299469865,126.83204497687161,37.20527414695431,2024-10-24 11:47:36
176,56,17,11,,,126.833966468593,37.20561234288685,126.82700424691282,37.19702968479561,2024-10-24 11:47:40
177,56,17,11,,,126.83501040772212,37.20495967562056,126.82559203784884,37.1968741430597,2024-10-24 11:48:27
178,1,72,11,,,126.81664173976651,37.19727575076859,126.81117115940029,37.20742703213487,2024-10-24 11:50:31
179,54,33,11,,,126.8322060009011,37.20929669804421,126.8288903316674,37.19992780932226,2024-10-24 11:51:52
180,58,19,11,,,126.83504376870297,37.208545514728044,126.82824349386601,37.19467838345761,2024-10-24 11:52:04
181,11,58,11,,,126.81450549043049,37.20883962880676,126.83452871789676,37.209066465962685,2024-10-24 11:53:46
182,56,70,11,,,126.83458848019434,37.206351744052895,126.83735307852528,37.21011496411027,2024-10-24 11:53:55
183,56,17,11,,,126.83483162549648,37.206468779049914,126.82706990579382,37.19600457253978,2024-10-24 11:57:26
184,70,33,11,,,126.83712745563669,37.20984909195159,126.83025268063857,37.200604764066334,2024-10-24 11:59:27
185,56,33,12,,,126.83489397894607,37.20525164846166,126.83008879199448,37.199860166861605,2024-10-24 12:02:32
186,36,64,12,,,126.82443537815008,37.1993255662535,126.84332242657025,37.203919156157404,2024-10-24 12:03:20
187,70,42,12,,,126.83719835032346,37.20933580858423,126.83224695023395,37.195359712593635,2024-10-24 12:04:08
188,11,7,12,,,126.81473369291074,37.208777872702655,126.8266341618821,37.207232570656785,2024-10-24 12:06:43
189,56,41,12,,,126.83514003413622,37.20631030545954,126.83379528060709,37.1980740614102,2024-10-24 12:06:45
190,70,33,12,,,126.83755340311613,37.21050138473539,126.82960392699692,37.20146917528921,2024-10-24 12:06:46
191,56,33,12,,,126.8346507527391,37.205420210955246,126.8297072413607,37.20156454440119,2024-10-24 12:09:15
192,53,50,12,,,126.83056924487778,37.2065533945046,126.8219972399402,37.211793194892955,2024-10-24 12:09:20
193,17,54,12,,,126.8255635561476,37.19610960753973,126.83291130916163,37.21093515369113,2024-10-24 12:12:17
194,28,19,12,,,126.83024501636037,37.20448006755251,126.82862891771391,37.19424813529199,2024-10-24 12:13:35
195,19,10,12,,,126.8290325033799,37.19503016326189,126.81728598637483,37.208802639228324,2024-10-24 12:16:26
196,27,52,12,,,126.82647816061696,37.19986293613949,126.83134961308939,37.21705980917728,2024-10-24 12:20:25
197,11,17,12,,,126.81341789318944,37.209063981440764,126.8259923549982,37.197361927171926,2024-10-24 12:20:26
198,54,33,12,,,126.83202316856544,37.21068843622372,126.82939308889539,37.19993010245986,2024-10-24 12:22:18
199,36,37,12,,,126.82493041792908,37.19865395620642,126.8222166356363,37.19701406521892,2024-10-24 12:24:30
200,54,60,12,,,126.83349886237352,37.210255179241244,126.83241008943216,37.213670156918226,2024-10-24 12:24:58
201,17,54,12,,,126.82589401431065,37.19663101381731,126.83303548916726,37.21001757799179,2024-10-24 12:25:35
202,54,33,12,,,126.83240161089061,37.20926020355633,126.83013352900205,37.1999286064772,2024-10-24 12:30:05
203,72,38,12,,,126.81106607878056,37.206359348921694,126.82511103489965,37.201598698278325,2024-10-24 12:31:02
204,56,32,12,,,126.83540675291519,37.205380090610184,126.83176127676822,37.20127082753827,2024-10-24 12:31:02
205,20,55,12,,,126.81468822405337,37.191957689658636,126.83078896830705,37.2097217826326,2024-10-24 12:31:22
206,56,33,12,,,126.83451311005717,37.2064616945698,126.82859382740243,37.200482374575955,2024-10-24 12:31:41
207,56,41,12,,,126.83539326773764,37.20548117279978,126.83406556938179,37.1965050010836,2024-10-24 12:36:52
208,56,17,12,,,126.83549009364529,37.20537446939176,126.82647876406281,37.1957974775518,2024-10-24 12:38:02
209,56,33,12,,,126.83512889409984,37.20529893185658,126.82958508122218,37.20096108762564,2024-10-24 12:38:19
210,42,70,12,,,126.8320620385045,37.195616646755546,126.8381804433875,37.21007447084773,2024-10-24 12:42:23
211,56,33,12,,,126.83412542191252,37.20652350307651,126.82836432267672,37.200133426668785,2024-10-24 12:43:35
212,36,59,12,,,126.82296122977334,37.19829594382789,126.83300427079615,37.208107912392684,2024-10-24 12:44:56
213,1,37,12,,,126.81587628435284,37.19879596798738,126.82169818151758,37.19705692601902,2024-10-24 12:46:02
214,20,70,12,,,126.81481715299103,37.19254023251752,126.83879403658958,37.21043000056861,2024-10-24 12:46:15
215,10,17,12,,,126.81800502895874,37.210180120537295,126.82627356239013,37.19726317297508,2024-10-24 12:46:43
216,63,68,12,,,126.83524421539053,37.21101549012621,126.84054174646255,37.20307395476584,2024-10-24 12:47:07
217,1,39,12,,,126.81619829758318,37.198053178589824,126.82095397280037,37.20047382399101,2024-10-24 12:51:50
218,38,49,12,,,126.82438297827184,37.20191743268028,126.82802269420978,37.213367397888305,2024-10-24 12:52:57
219,55,33,12,,,126.83091233604559,37.20834285589355,126.83024727379635,37.19994729689437,2024-10-24 12:54:54
220,55,16,12,,,126.83092131761218,37.21000089211084,126.82423825869218,37.19246397608584,2024-10-24 12:56:17
221,56,17,12,,,126.83525754216872,37.20599556674239,126.82709710840972,37.19656446323201,2024-10-24 12:58:43
222,15,20,13,,,126.8167446331869,37.20564460801078,126.81604162418259,37.192250270751344,2024-10-24 13:02:07
223,1,46,13,,,126.81560340335213,37.19865087279995,126.83033983736823,37.21118002272352,2024-10-24 13:03:27
224,58,19,13,,,126.8356419512275,37.207769814408934,126.82802935217366,37.194134353742015,2024-10-24 13:03:35
225,10,14,13,,,126.81711859268974,37.209997898014166,126.82009713416554,37.20777677142127,2024-10-24 13:04:41
226,10,17,13,,,126.8160617374124,37.20966037762493,126.82698558877475,37.19579936089606,2024-10-24 13:07:30
227,18,60,13,,,126.82327127134116,37.19482035705717,126.83299286213114,37.21327536512769,2024-10-24 13:10:07
228,71,60,13,,,126.8401205783283,37.20424702793505,126.83301359639839,37.212469433111245,2024-10-24 13:11:59
229,42,70,13,,,126.83125111184546,37.19680994285173,126.83704850382621,37.209652060250946,2024-10-24 13:15:18
230,10,17,13,,,126.81630528547271,37.2089953814466,126.82541129054924,37.19757070231286,2024-10-24 13:15:54
231,11,17,13,,,126.8133574734191,37.208434839160766,126.8256591365337,37.19630037525825,2024-10-24 13:16:14
232,54,33,13,,,126.83328633116686,37.2103416745025,126.83026336658168,37.201356093187016,2024-10-24 13:19:01
233,54,37,13,,,126.83237393526603,37.211036549535905,126.82054724964782,37.196786414827585,2024-10-24 13:21:05
234,56,33,13,,,126.83546240094805,37.20608611122844,126.82848418745738,37.20080096997759,2024-10-24 13:21:16
235,42,70,13,,,126.8317067208938,37.195818685526845,126.83813220580512,37.208965006910084,2024-10-24 13:21:19
236,19,70,13,,,126.829060972829,37.19479663755479,126.83782983534812,37.20912932479064,2024-10-24 13:22:11
237,28,3,13,,,126.82944534324885,37.20315918365918,126.82403058288514,37.209598073936874,2024-10-24 13:28:14
238,11,58,13,,,126.81481724180215,37.20830930436986,126.83568911354787,37.208411146532974,2024-10-24 13:28:44
239,33,56,13,,,126.82882405297039,37.200290830006644,126.83528237177906,37.20655010432819,2024-10-24 13:29:08
240,20,43,13,,,126.81607298802756,37.19164539316568,126.82357554346333,37.19076401962443,2024-10-24 13:29:22
241,58,19,13,,,126.83510440287903,37.208782531987744,126.82841252280733,37.19491891713055,2024-10-24 13:30:14
242,33,56,13,,,126.82997781715437,37.199800049480636,126.83410185857325,37.20482937949635,2024-10-24 13:32:22
243,17,54,13,,,126.826292744105,37.19719444287139,126.83231611206405,37.210992008024085,2024-10-24 13:33:28
244,14,57,13,,,126.81937503904311,37.20779133728985,126.83245364035308,37.20400522051517,2024-10-24 13:35:02
245,42,52,13,,,126.83079534642773,37.195774685118295,126.83098968627911,37.217266808887736,2024-10-24 13:38:20
246,69,30,13,,,126.83792851965902,37.20669698078718,126.83156557162158,37.19802176349376,2024-10-24 13:40:29
247,69,30,13,,,126.83700310079026,37.205833279197485,126.83230974388401,37.19982157694301,2024-10-24 13:40:54
248,56,31,13,,,126.83419247901642,37.20544448798095,126.82815153546693,37.19811662966393,2024-10-24 13:44:52
249,54,33,13,,,126.83220678387487,37.21085239607376,126.82971967092315,37.200026615008284,2024-10-24 13:44:54
250,15,4,13,,,126.81752063118041,37.207089411187745,126.82207169385615,37.20872795350137,2024-10-24 13:49:38
251,42,19,13,,,126.83081111476417,37.19586068687421,126.82977943836629,37.19415479071309,2024-10-24 13:50:26
252,56,33,13,,,126.83466111851952,37.205703884670264,126.82862909192912,37.20057307444571,2024-10-24 13:50:56
253,42,70,13,,,126.83238257119896,37.19596126686699,126.83739399201444,37.208642421458684,2024-10-24 13:51:13
254,63,1,13,,,126.83504779492937,37.21129912282034,126.81647270134366,37.19729906316344,2024-10-24 13:51:32
255,70,33,13,,,126.83747497791101,37.20905056830678,126.82980830162428,37.1996812426775,2024-10-24 13:52:10
256,21,18,13,,,126.81930766583164,37.19644554329981,126.82449742138601,37.19554913247386,2024-10-24 13:52:29
257,54,33,13,,,126.83302184184714,37.21043692210478,126.82953226320852,37.2007792623747,2024-10-24 13:55:52
258,10,17,13,,,126.81798523172155,37.21030631860343,126.8270026470934,37.196850071155325,2024-10-24 13:58:36
259,10,17,14,,,126.81616590233658,37.209257770840445,126.82626418801888,37.196395761502956,2024-10-24 14:01:16
260,42,30,14,,,126.83112503792222,37.195852868354436,126.83272978189447,37.19922026170771,2024-10-24 14:03:53
261,56,31,14,,,126.83502465613296,37.20530230080318,126.8285942128401,37.19762341404806,2024-10-24 14:04:29
262,42,70,14,,,126.83156501949169,37.19634540993229,126.83792736594182,37.20946495261659,2024-10-24 14:06:09
263,54,2,14,,,126.83334664278105,37.21081540811649,126.82110052164794,37.206834399923245,2024-10-24 14:07:03
264,42,26,14,,,126.83148872602408,37.195994918788145,126.81894580358812,37.19379046081795,2024-10-24 14:10:18
265,63,45,14,,,126.83444483407432,37.21171679620435,126.82550347675001,37.2123102347899,2024-10-24 14:11:18
266,48,57,14,,,126.83038609139781,37.21438692723287,126.83134717408072,37.20386384315572,2024-10-24 14:12:51
267,33,58,14,,,126.82882620982143,37.19987139191992,126.83443881904725,37.20780565264701,2024-10-24 14:16:07
268,69,43,14,,,126.83821150228373,37.20634265107357,126.82394393691902,37.189996465359904,2024-10-24 14:16:19
269,14,47,14,,,126.82036625682196,37.20694775161527,126.82790465548497,37.21076732973812,2024-10-24 14:22:10
270,17,23,14,,,126.8270945881659,37.1959459000042,126.82099117771213,37.19127975499172,2024-10-24 14:24:42
271,69,55,14,,,126.83773509332828,37.20708032893058,126.8305254265638,37.208993711285665,2024-10-24 14:25:06
272,57,12,14,,,126.83188037978903,37.20484910752906,126.81965307332335,37.20404424920268,2024-10-24 14:25:42
273,58,33,14,,,126.83449477140358,37.20776716012477,126.82956375433733,37.201051474146084,2024-10-24 14:25:43
274,10,17,14,,,126.81684556503251,37.209757260262876,126.82544733256432,37.195999986986926,2024-10-24 14:27:36
275,69,30,14,,,126.83809903687177,37.2069449061247,126.83124305071807,37.19949852948742,2024-10-24 14:30:19
276,58,33,14,,,126.8348582748072,37.20818231079482,126.82874265869984,37.200026308710115,2024-10-24 14:34:42
277,54,44,14,,,126.83239968434393,37.210413085306485,126.82036464236465,37.18981381533358,2024-10-24 14:35:41
278,19,31,14,,,126.829607237951,37.194192122932115,126.82853336538795,37.19834189529154,2024-10-24 14:35:46
279,58,33,14,,,126.83480660821317,37.20753414958684,126.82857637146027,37.20119839807326,2024-10-24 14:35:56
280,56,33,14,,,126.83574222261824,37.20597014350496,126.82962638281349,37.200286246339466,2024-10-24 14:39:46
281,42,28,14,,,126.8315655576276,37.19522773739588,126.82944217317045,37.20310213612272,2024-10-24 14:40:22
282,41,16,14,,,126.8344848438858,37.197466551916904,126.82375189958732,37.193602186937156,2024-10-24 14:43:53
283,54,33,14,,,126.83216737587175,37.20953859231671,126.82919311696095,37.20054129941298,2024-10-24 14:44:06
284,56,33,14,,,126.83509881216442,37.20542683526162,126.82893343715226,37.201541787263494,2024-10-24 14:45:12
285,6,54,14,,,126.82353683363895,37.20474753323643,126.83175649294768,37.21091700321789,2024-10-24 14:45:36
286,58,19,14,,,126.83595797544017,37.209452982828054,126.82920710119876,37.19422173468728,2024-10-24 14:50:26
287,38,20,14,,,126.82432778445494,37.20144718340784,126.81643352550365,37.19280930319895,2024-10-24 14:51:30
288,34,26,14,,,126.82106243014341,37.20336526477644,126.81834137827985,37.1940733867564,2024-10-24 14:51:49
289,58,33,14,,,126.83458616556231,37.20843119644387,126.82846860354603,37.199940913570714,2024-10-24 14:52:18
290,55,12,14,,,126.83018232118461,37.208789250772334,126.81954202229298,37.205367115537605,2024-10-24 14:52:52
291,33,56,14,,,126.82976903158877,37.20036453339531,126.83553880371961,37.206280816496,2024-10-24 14:52:59
292,33,56,14,,,126.8293352399465,37.20000204828045,126.83492863383276,37.20487097257263,2024-10-24 14:53:11
293,42,70,14,,,126.83063292928473,37.196593235246425,126.83796204657204,37.210357629211885,2024-10-24 14:54:03
294,58,33,14,,,126.8351484588947,37.20903489494947,126.82979156138342,37.20074532438119,2024-10-24 14:57:38
295,56,33,14,,,126.83572141510244,37.20595604746577,126.82898099744955,37.20141234218848,2024-10-24 14:58:08
296,70,33,15,,,126.83729072395998,37.20879198934734,126.82903857454251,37.20095610861576,2024-10-24 15:02:22
297,58,22,15,,,126.83590466024049,37.209040873028584,126.81551298919135,37.19489333139477,2024-10-24 15:02:59
298,69,30,15,,,126.83740667500456,37.20706608305824,126.83227484079792,37.19895710080748,2024-10-24 15:05:07
299,50,31,15,,,126.82247140166271,37.21058918505177,126.82844039952427,37.19847730336973,2024-10-24 15:09:06
300,56,31,15,,,126.83546111050752,37.20476912036701,126.82867710641251,37.19776564479351,2024-10-24 15:09:12
301,70,17,15,,,126.83710429213586,37.2104451080913,126.82696824338576,37.19698478604824,2024-10-24 15:10:55
302,58,33,15,,,126.83585735653018,37.20803087639323,126.82962573611253,37.199761390932856,2024-10-24 15:13:02
303,33,56,15,,,126.82840977227066,37.20026808525353,126.8354965279254,37.205482570380454,2024-10-24 15:16:13
304,58,33,15,,,126.83486911781787,37.20770760461861,126.82980088878845,37.201444755898386,2024-10-24 15:18:39
305,17,54,15,,,126.82572624411476,37.19593739049234,126.83269859390042,37.21009211293459,2024-10-24 15:19:27
306,60,26,15,,,126.83250914097522,37.21333105012201,126.81820537637559,37.19373293383336,2024-10-24 15:22:23
307,23,23,15,,,126.82064322894716,37.19265406589632,126.82056135811088,37.19158602997301,2024-10-24 15:23:51
308,17,54,15,,,126.82561079890978,37.196878721732446,126.83337422052072,37.21088525904731,2024-10-24 15:25:20
309,38,34,15,,,126.82320133273774,37.20082701296341,126.82139774287185,37.20363128678796,2024-10-24 15:25:29
310,23,34,15,,,126.82056326048236,37.19278217274455,126.82256978969502,37.20211062184646,2024-10-24 15:26:21
311,58,33,15,,,126.83450671390442,37.20813672785894,126.82904896723134,37.20104991984659,2024-10-24 15:26:23
312,58,33,15,,,126.83521914086455,37.209436900006715,126.82982085521506,37.20017241039477,2024-10-24 15:27:11
313,70,33,15,,,126.8379665767558,37.21006569824233,126.82911034146933,37.20072470262743,2024-10-24 15:30:18
314,33,56,15,,,126.82998764881863,37.199791397166386,126.83498083727675,37.20564257773742,2024-10-24 15:31:12
315,38,29,15,,,126.82394975574064,37.20142801634611,126.82712482756286,37.20234078771982,2024-10-24 15:34:39
316,36,68,15,,,126.82308039248764,37.19945364132796,126.8398455014691,37.20222496331678,2024-10-24 15:35:44
317,33,56,15,,,126.82953203357565,37.20154623476304,126.8354610749734,37.20548942881084,2024-10-24 15:37:27
318,70,33,15,,,126.83712560952593,37.2086042999467,126.82905620239252,37.20056562800179,2024-10-24 15:38:43
319,60,20,15,,,126.83225706223492,37.21399940800878,126.81487462500603,37.19203456908033,2024-10-24 15:41:07
320,68,45,15,,,126.8393799567961,37.203169145621686,126.82596011415964,37.21354169052003,2024-10-24 15:41:58
321,36,58,15,,,126.82408636127387,37.19820996442532,126.83546950927509,37.207833282425725,2024-10-24 15:41:58
322,32,44,15,,,126.83115767731222,37.20075700711838,126.82125973544417,37.18848978961222,2024-10-24 15:42:00
323,33,56,15,,,126.82879814964626,37.200696534324784,126.83476720749432,37.20493007297344,2024-10-24 15:43:08
324,63,56,15,,,126.83525170853775,37.21116224697094,126.83573194416981,37.20609654808437,2024-10-24 15:47:05
325,42,70,15,,,126.83075821159201,37.19642960195548,126.83833209105202,37.20970333594185,2024-10-24 15:50:02
326,11,58,15,,,126.81438083082901,37.208020878185046,126.8357668619484,37.20939119090854,2024-10-24 15:53:07
327,54,43,15,,,126.83363352679613,37.21056283962666,126.82263826613041,37.190015496493075,2024-10-24 15:53:11
328,58,33,15,,,126.83573537564405,37.2084972063092,126.82847212738953,37.20111994551305,2024-10-24 15:54:25
329,15,8,15,,,126.81753267320502,37.20673228409094,126.82457771826614,37.206054953205786,2024-10-24 15:54:41
330,27,44,15,,,126.8272917637119,37.199529968600864,126.82052802949991,37.189495624064875,2024-10-24 15:56:38
331,19,10,15,,,126.82975901564463,37.19490977387754,126.81691243309326,37.20878233835355,2024-10-24 15:56:43
332,25,17,15,,,126.82070766165364,37.19503775124333,126.82548222582851,37.19606173885524,2024-10-24 15:57:17
333,70,33,16,,,126.8379592964869,37.20934069254077,126.82942071923067,37.20005509346814,2024-10-24 16:03:05
334,56,33,16,,,126.83422489060214,37.206020146436295,126.82924315769297,37.20049702635679,2024-10-24 16:04:58
335,70,42,16,,,126.83771944196042,37.2093122269487,126.83220150649294,37.196215107334496,2024-10-24 16:05:01
336,20,5,16,,,126.81530348453138,37.19169768980684,126.8270091155678,37.204364346754424,2024-10-24 16:05:02
337,56,17,16,,,126.83517884389089,37.20514412991091,126.82565596003653,37.196871323072564,2024-10-24 16:05:23
338,58,19,16,,,126.83602384925464,37.20755986518573,126.82870245860526,37.19576315645788,2024-10-24 16:06:36
339,58,19,16,,,126.83506602460332,37.20809688637493,126.82836202688365,37.19456977210606,2024-10-24 16:07:14
340,32,59,16,,,126.83125729168528,37.20228206799649,126.83318407081944,37.207383505170185,2024-10-24 16:12:25
341,63,26,16,,,126.83535398030253,37.211800672959015,126.81835066364661,37.19355714025637,2024-10-24 16:12:57
342,10,17,16,,,126.81771582969358,37.20858353718354,126.82720297750785,37.19667372561209,2024-10-24 16:13:39
343,67,61,16,,,126.8343901901102,37.20225751313916,126.83311021848975,37.214926069949435,2024-10-24 16:16:26
344,56,33,16,,,126.83551810601655,37.2056088089293,126.82890914112028,37.20103576454675,2024-10-24 16:20:37
345,56,17,16,,,126.83409558652188,37.205871775849566,126.82658923633691,37.19705161509619,2024-10-24 16:20:40
346,67,59,16,,,126.83386449812257,37.2028219648402,126.83236210884898,37.20716426196552,2024-10-24 16:21:03
347,56,41,16,,,126.83453389470661,37.20585623981859,126.83470419983654,37.197632681049,2024-10-24 16:23:13
348,17,54,16,,,126.82564834435644,37.19678715173195,126.83194964216864,37.209595435236196,2024-10-24 16:24:40
349,70,33,16,,,126.83734767899873,37.208807399186725,126.82912078152165,37.200397338143915,2024-10-24 16:29:25
350,11,10,16,,,126.8149469376888,37.20925165812471,126.8179833264321,37.21027338481246,2024-10-24 16:30:23
351,7,17,16,,,126.82752518667417,37.20746069702699,126.8274028771333,37.19715760152368,2024-10-24 16:30:27
352,28,36,16,,,126.83029426574635,37.20317034998291,126.82422462170055,37.19906485820374,2024-10-24 16:35:19
353,6,59,16,,,126.82451602806728,37.203909107623375,126.83196822710688,37.206901330950465,2024-10-24 16:35:20
354,19,4,16,,,126.82963468201227,37.19429437121658,126.8219519287735,37.207816547282484,2024-10-24 16:37:39
355,56,17,16,,,126.83522619545488,37.20495130782671,126.826615897262,37.19721090577847,2024-10-24 16:39:38
356,56,33,16,,,126.83490480582839,37.205920901677366,126.82889361669102,37.20092011088496,2024-10-24 16:42:11
357,72,65,16,,,126.81087948918915,37.207536799354294,126.83424789756512,37.200961735249244,2024-10-24 16:42:32
358,56,33,16,,,126.83443804152378,37.206184964030534,126.82945854778231,37.20008739962377,2024-10-24 16:43:47
359,6,56,16,,,126.8253137227503,37.20369251239589,126.83428082580707,37.20469474597468,2024-10-24 16:44:20
360,11,17,16,,,126.81345578940872,37.20795198390614,126.82718828281098,37.19685398296405,2024-10-24 16:45:35
361,50,5,16,,,126.82327434044592,37.21095145424461,126.82664554578909,37.2052538123017,2024-10-24 16:48:25
362,19,10,16,,,126.82891758042825,37.19547256807693,126.81765685591184,37.209876591440484,2024-10-24 16:48:56
363,17,54,16,,,126.82612741249517,37.19675768411649,126.83260670010314,37.210338029308076,2024-10-24 16:53:57
364,42,70,16,,,126.83085691479064,37.19536371539674,126.83746405470146,37.20886884345852,2024-10-24 16:56:45
365,56,31,16,,,126.83399111831517,37.20649077874358,126.82825266697995,37.198577848021856,2024-10-24 16:57:31
366,69,30,16,,,126.83753542824827,37.20703223535423,126.83246938956019,37.199004310267135,2024-10-24 16:57:32
367,11,58,16,,,126.8147450388345,37.207572143815305,126.83448126148875,37.20885909311406,2024-10-24 16:58:07
368,58,19,16,,,126.8349305126836,37.20814939572353,126.82889614938676,37.19555615874674,2024-10-24 16:58:45
369,58,33,16,,,126.83576003516212,37.20926327625627,126.82975653023506,37.201533285934865,2024-10-24 16:59:04
370,70,17,17,,,126.8376127223477,37.21053387290492,126.82727883693583,37.19676040803624,2024-10-24 17:02:28
371,59,51,17,,,126.83179777711557,37.208204237048626,126.81904624216277,37.211183879076536,2024-10-24 17:02:32
372,58,15,17,,,126.83440801353764,37.20882103857529,126.81774249078856,37.207451994730235,2024-10-24 17:06:51
373,72,24,17,,,126.81131195137709,37.20803291176609,126.81841225198528,37.19062124682985,2024-10-24 17:07:19
374,15,33,17,,,126.81701280560704,37.20617888889106,126.83029550485254,37.199990786956114,2024-10-24 17:09:32
375,33,56,17,,,126.8287986664977,37.20130910544662,126.8353097715304,37.205788059835754,2024-10-24 17:10:05
376,58,33,17,,,126.83600314366643,37.20827246950522,126.8292691704183,37.20142258210739,2024-10-24 17:10:46
377,33,56,17,,,126.8289416583443,37.19970365759938,126.83528973022996,37.20494578180919,2024-10-24 17:13:01
378,72,42,17,,,126.81130323534336,37.20779362983054,126.83184745453444,37.19657763162308,2024-10-24 17:13:09
379,58,45,17,,,126.83470756954438,37.20897047672094,126.82418263057492,37.21215246664425,2024-10-24 17:13:36
380,57,52,17,,,126.8313284088942,37.20483801014915,126.83109372135159,37.217386215460564,2024-10-24 17:15:24
381,42,70,17,,,126.831000617933,37.19623156645707,126.83741396232969,37.21048535055392,2024-10-24 17:19:02
382,42,70,17,,,126.83193136368014,37.19652519502913,126.83777834004555,37.20951753545776,2024-10-24 17:19:43
383,14,49,17,,,126.81950969362396,37.2082119369645,126.82853572183792,37.21296063730579,2024-10-24 17:22:44
384,54,33,17,,,126.83298383252566,37.21104149375762,126.82874224699357,37.2011604598638,2024-10-24 17:23:38
385,36,57,17,,,126.82416798996161,37.19850797135528,126.83292018067021,37.20450533193007,2024-10-24 17:28:00
386,33,56,17,,,126.82957232385971,37.20000680698786,126.83559106395803,37.20588239090395,2024-10-24 17:32:47
387,16,37,17,,,126.823097045903,37.193291172800365,126.82099746228687,37.19805510137765,2024-10-24 17:33:26
388,72,36,17,,,126.81251898815319,37.20716382691474,126.82388107537983,37.199206451823216,2024-10-24 17:35:47
389,38,30,17,,,126.8238774222528,37.20100436647663,126.83221689395205,37.19947490833685,2024-10-24 17:36:23
390,50,34,17,,,126.8229701848843,37.21236791442472,126.82095188609699,37.20260116182891,2024-10-24 17:38:15
391,14,41,17,,,126.81947118401044,37.20762225028656,126.83350987307406,37.19628656198371,2024-10-24 17:41:07
392,54,50,17,,,126.83215045255645,37.21067525644722,126.8231897425542,37.210602044535094,2024-10-24 17:42:01
393,39,31,17,,,126.82101315668073,37.200846210128034,126.83000489606255,37.197818645842005,2024-10-24 17:43:54
394,38,3,17,,,126.8239224978279,37.20127645440795,126.82475973827063,37.21067946562074,2024-10-24 17:45:12
395,17,54,17,,,126.82623869998514,37.19598884942058,126.83346942263293,37.209808830161265,2024-10-24 17:45:59
396,50,48,17,,,126.82317089509539,37.21158689542915,126.83012510269225,37.2145329386184,2024-10-24 17:46:11
397,72,47,17,,,126.8121151029407,37.20654840021231,126.82766099784764,37.21142867126318,2024-10-24 17:49:03
398,37,8,17,,,126.82053691163871,37.196548166283186,126.82426663602408,37.20636527700921,2024-10-24 17:49:39
399,16,26,17,,,126.82368491408478,37.19355889704222,126.81837257243131,37.19354232055031,2024-10-24 17:50:28
400,58,66,17,,,126.83528134617559,37.20763757604315,126.83781603123805,37.20397824612214,2024-10-24 17:52:28
401,51,48,17,,,126.81927557005167,37.211028620798125,126.83086311591693,37.214319134390344,2024-10-24 17:52:46
402,23,13,17,,,126.82097038379997,37.19273723577012,126.81566589185508,37.20316277880304,2024-10-24 17:53:26
403,1,55,17,,,126.81623192923433,37.19905085894791,126.82927508417859,37.20884372922507,2024-10-24 17:54:15
404,54,33,17,,,126.83353793629212,37.210270630341256,126.82858881928702,37.20105812546566,2024-10-24 17:56:31
405,71,43,17,,,126.8408088999684,37.20584073592732,126.82340963387091,37.1890769684868,2024-10-24 17:59:32
406,17,54,17,,,126.82545891375621,37.197145727544005,126.8336060298169,37.21014265492201,2024-10-24 17:59:32
407,16,64,18,,,126.82321656895465,37.192396799489124,126.84285212896296,37.2027260835129,2024-10-24 18:00:46
408,63,53,18,,,126.83444592267851,37.210763898511175,126.82984195708745,37.20617482392021,2024-10-24 18:03:19
409,58,70,18,,,126.83420023202075,37.207660448028314,126.83822530573288,37.2097350990922,2024-10-24 18:04:35
410,56,17,18,,,126.8348528721098,37.20661519378911,126.82576558209993,37.19634382165538,2024-10-24 18:04:42
411,56,33,18,,,126.83586539627797,37.206174574658796,126.82915499725519,37.200957544500554,2024-10-24 18:09:14
412,10,17,18,,,126.81788182788682,37.20929317053672,126.82617276822764,37.195783300482674,2024-10-24 18:09:35
413,58,33,18,,,126.83558312736106,37.20933347532439,126.8299332297445,37.19989147214189,2024-10-24 18:12:52
414,69,30,18,,,126.83714456238256,37.20655083569334,126.83195837907388,37.19904436500477,2024-10-24 18:15:05
415,72,15,18,,,126.8112433399873,37.20787468393858,126.81739822168477,37.206938110790766,2024-10-24 18:16:27
416,70,33,18,,,126.83816141824863,37.2104227021184,126.82895174229205,37.20123739205632,2024-10-24 18:23:30
417,33,56,18,,,126.82944261082197,37.199821988308656,126.83500402820555,37.20476643538806,2024-10-24 18:24:41
418,32,53,18,,,126.83143748297155,37.201975755618065,126.82906880859902,37.20556403586163,2024-10-24 18:25:05
419,56,33,18,,,126.83574295986148,37.205539993558276,126.82847477336269,37.20042077556362,2024-10-24 18:26:06
420,54,33,18,,,126.83167791936773,37.20970238893198,126.82846033242924,37.20010158548171,2024-10-24 18:27:01
421,70,33,18,,,126.83741851018802,37.2093560476524,126.8293901299062,37.200033540821856,2024-10-24 18:28:25
422,58,33,18,,,126.83600555533002,37.208688501016546,126.82879560596571,37.20144386554828,2024-10-24 18:28:37
423,56,17,18,,,126.83403624953235,37.20533197702607,126.82727478504404,37.19775788756255,2024-10-24 18:28:55
424,10,17,18,,,126.81618365265251,37.209368823657655,126.82577518184837,37.19710815194842,2024-10-24 18:29:11
425,33,56,18,,,126.8287250763485,37.19989826290873,126.83409061299702,37.20580921464983,2024-10-24 18:30:09
426,11,58,18,,,126.81523398089739,37.208764646620224,126.83557884452604,37.20806254628151,2024-10-24 18:30:29
427,27,44,18,,,126.82644037596597,37.19919867141878,126.82138004598524,37.18898298269782,2024-10-24 18:31:46
428,33,56,18,,,126.82938759369394,37.200070096422294,126.83561770172291,37.204971993606115,2024-10-24 18:34:30
429,53,63,18,,,126.8288737090813,37.206187863681606,126.83518829836609,37.21053831888838,2024-10-24 18:34:50
430,58,19,18,,,126.83459240760283,37.20821720753819,126.828176431865,37.194956079314245,2024-10-24 18:36:18
431,58,19,18,,,126.83438777364388,37.208244771865694,126.82953583234193,37.1959922775112,2024-10-24 18:36:40
432,54,33,18,,,126.83259664503603,37.20930894805571,126.82976083353707,37.20127961356947,2024-10-24 18:38:29
433,56,33,18,,,126.83417470932079,37.20639202673633,126.828551539712,37.20138635602662,2024-10-24 18:45:10
434,32,23,18,,,126.83237980652451,37.20228618681669,126.82169470638301,37.19207054469247,2024-10-24 18:48:01
435,70,33,18,,,126.83807071947444,37.21036268462998,126.82930551495241,37.20052018402895,2024-10-24 18:50:11
436,32,59,18,,,126.83174647545366,37.20272418064557,126.83327324134117,37.207781659051,2024-10-24 18:51:02
437,65,70,18,,,126.8335729782097,37.20073903010376,126.83739726010185,37.20954732099662,2024-10-24 18:51:29
438,33,56,18,,,126.82988901475707,37.200857411795425,126.83496507595626,37.20569393260539,2024-10-24 18:51:31
439,58,19,18,,,126.83472980544666,37.20750412525677,126.82895507979664,37.195381828472705,2024-10-24 18:51:37
440,4,35,18,,,126.82237751781128,37.208071373647385,126.81883479562173,37.20225080999234,2024-10-24 18:51:41
441,33,56,18,,,126.8296424622561,37.20074081823975,126.83440366056674,37.20507974253826,2024-10-24 18:51:42
442,67,66,18,,,126.83483662060364,37.203660018360345,126.83791487230653,37.20406289119763,2024-10-24 18:55:41
443,69,30,18,,,126.83719778341182,37.206365045511234,126.83209546967701,37.19821744963688,2024-10-24 18:55:52
444,45,57,19,,,126.82488698241887,37.21264606093167,126.83266781212376,37.20359557329754,2024-10-24 19:00:27
445,42,70,19,,,126.83137566830185,37.1966440708426,126.8372815999833,37.21022461873239,2024-10-24 19:03:18
446,1,38,19,,,126.81705183793488,37.198202055518216,126.82343703377764,37.20143428595767,2024-10-24 19:03:56
447,38,20,19,,,126.82484698526271,37.201367601272075,126.81630542101217,37.1915956970652,2024-10-24 19:04:00
448,70,33,19,,,126.8379466495984,37.209138083077896,126.830013158228,37.200799174704144,2024-10-24 19:05:15
449,70,33,19,,,126.83832324213884,37.209713601506905,126.82911086541822,37.20109120566426,2024-10-24 19:14:08
450,56,17,19,,,126.83496164167892,37.20502678340693,126.82594026891962,37.197400069023026,2024-10-24 19:16:27
451,2,17,19,,,126.82159238937113,37.20537962005227,126.82630519309794,37.19592778110839,2024-10-24 19:16:34
452,19,10,19,,,126.82893348937343,37.1947961522459,126.8165333003676,37.20905678145084,2024-10-24 19:19:19
453,11,17,19,,,126.8151438995735,37.207863509367925,126.82578566684154,37.196193255785694,2024-10-24 19:22:43
454,33,56,19,,,126.82995745725681,37.20018043637963,126.83519211861692,37.20657593582745,2024-10-24 19:23:02
455,10,17,19,,,126.81745934653743,37.20852319033279,126.82594254262199,37.19615060347846,2024-10-24 19:25:19
456,33,56,19,,,126.82880573341018,37.20080536188977,126.83579565879822,37.205744204357984,2024-10-24 19:25:55
457,56,17,19,,,126.83582732529642,37.20480095778058,126.82589203523466,37.1966876357327,2024-10-24 19:27:05
458,58,33,19,,,126.83479562070323,37.20874846908601,126.8302619528687,37.20162044131094,2024-10-24 19:29:37
459,58,33,19,,,126.83415197981455,37.20757088448038,126.82931399016364,37.20000855001481,2024-10-24 19:32:29
460,37,14,19,,,126.82172629114119,37.19734526170805,126.81875094526046,37.207308357590776,2024-10-24 19:33:29
461,19,29,19,,,126.82879819725241,37.19580045266188,126.82729831312629,37.20300615080714,2024-10-24 19:35:00
462,58,33,19,,,126.83459261246345,37.209296959033004,126.82969884880232,37.20146832878241,2024-10-24 19:36:03
463,46,42,19,,,126.82924496661163,37.21288313364937,126.83189894976125,37.19674170759729,2024-10-24 19:36:34
464,69,30,19,,,126.83666005810186,37.206850735008544,126.83140401421585,37.19978846149106,2024-10-24 19:37:04
465,37,19,19,,,126.82209454544652,37.197400236353666,126.82914980804496,37.19511910246786,2024-10-24 19:37:18
466,33,56,19,,,126.82979677813485,37.2013939525473,126.8350153528352,37.20467535909495,2024-10-24 19:38:24
467,58,33,19,,,126.83422620341072,37.20840965517742,126.83016544299758,37.199814478984216,2024-10-24 19:38:41
468,33,56,19,,,126.82914942952453,37.200824068716436,126.83456846028007,37.20494774211332,2024-10-24 19:39:52
469,10,29,19,,,126.81712787806536,37.209786872819436,126.82759243368298,37.202359305976444,2024-10-24 19:40:06
470,17,54,19,,,126.82619888356582,37.19717717740695,126.83231511844221,37.20967213641177,2024-10-24 19:41:15
471,42,70,19,,,126.83178392257919,37.19644890261456,126.83779444196715,37.20950593760598,2024-10-24 19:43:32
472,10,17,19,,,126.81608927222123,37.2095482012325,126.82701492068198,37.19591520889834,2024-10-24 19:45:59
473,70,42,19,,,126.83748219287838,37.21033258083274,126.83083078504549,37.1966266116845,2024-10-24 19:46:13
474,72,12,19,,,126.81164345285298,37.20762432921425,126.81835480444293,37.20573730832935,2024-10-24 19:47:03
475,58,19,19,,,126.83550116272019,37.20791036910738,126.82917366055771,37.19573056296122,2024-10-24 19:47:35
476,42,70,19,,,126.83098832320192,37.19541745244839,126.83693963343697,37.20945154861668,2024-10-24 19:48:16
477,11,58,19,,,126.81532505526611,37.20749176571555,126.83461826583293,37.20841649635481,2024-10-24 19:50:37
478,20,29,19,,,126.81649809018826,37.19312649860545,126.82668134632108,37.202141927406366,2024-10-24 19:51:59
479,53,49,19,,,126.82912097115167,37.20717632212282,126.82779822925622,37.21449885366555,2024-10-24 19:55:02
480,58,19,19,,,126.83419644847656,37.208758443505715,126.82862052825557,37.19484538535336,2024-10-24 19:58:35
481,36,25,20,,,126.82360946827245,37.19940197927085,126.82164523386572,37.19484872707404,2024-10-24 20:00:27
482,19,52,20,,,126.82864178823736,37.194618523459745,126.83146127732881,37.216729011762325,2024-10-24 20:00:50
483,71,66,20,,,126.84067578550639,37.20458918469789,126.83806815589764,37.20313811210175,2024-10-24 20:04:35
484,56,33,20,,,126.83421701617704,37.20514828266281,126.8290682550135,37.2005120387746,2024-10-24 20:16:31
485,20,61,20,,,126.81500859503726,37.19259095710382,126.83239811020061,37.21558645318716,2024-10-24 20:16:34
486,17,54,20,,,126.82556969546562,37.19719585730695,126.83309524273412,37.20950191642157,2024-10-24 20:16:49
487,21,11,20,,,126.81773052392303,37.1963113354709,126.81381909138878,37.20776053279224,2024-10-24 20:20:27
488,20,66,20,,,126.81496129883176,37.19198384983662,126.83692171962475,37.20324235636987,2024-10-24 20:20:33
489,18,64,20,,,126.82424393232444,37.19557846432052,126.84169115119806,37.20245794118628,2024-10-24 20:21:02
490,54,33,20,,,126.83246836758964,37.20954874903648,126.8297840221083,37.20030405819401,2024-10-24 20:21:26
491,37,41,20,,,126.82112197910904,37.19730404955412,126.83453787404366,37.197843025759056,2024-10-24 20:22:29
492,19,17,20,,,126.82906003822917,37.19514326836795,126.82713305580081,37.197338517690106,2024-10-24 20:24:09
493,58,33,20,,,126.8343302925864,37.20767054370534,126.82980797943269,37.200109785023464,2024-10-24 20:29:23
494,19,10,20,,,126.82897566911981,37.194932516111194,126.81606270092085,37.2091543506899,2024-10-24 20:29:25
495,1,69,20,,,126.81526830205092,37.19754157162783,126.83782198500879,37.20693405276685,2024-10-24 20:29:50
496,56,33,20,,,126.83486719910766,37.206624320521826,126.82932749866347,37.20046739305902,2024-10-24 20:30:39
497,10,17,20,,,126.81672179950823,37.20931946925196,126.82626931533875,37.19765192593154,2024-10-24 20:30:45
498,69,30,20,,,126.8374262053986,37.20593281399646,126.83100718350532,37.199854384499915,2024-10-24 20:32:57
499,70,33,20,,,126.8370139792614,37.20923612989201,126.82921916776394,37.201109770750925,2024-10-24 20:32:58
500,54,56,20,,,126.83320712424005,37.20955332891906,126.83536315643573,37.2046967515103,2024-10-24 20:37:14
501,69,30,20,,,126.83774472533808,37.20688475187149,126.83155731316675,37.19882248587157,2024-10-24 20:38:05
502,53,67,20,,,126.82940376778039,37.20556914724039,126.8340861029099,37.20372178213814,2024-10-24 20:40:34
503,10,17,20,,,126.81755728694509,37.20913166843835,126.82595227350353,37.195828891559486,2024-10-24 20:40:39
504,33,58,20,,,126.8295476109615,37.200657387737806,126.8344040585206,37.20837437786794,2024-10-24 20:42:40
505,54,33,20,,,126.8328236469878,37.21017548911963,126.82906638398207,37.20015063145792,2024-10-24 20:43:12
506,18,55,20,,,126.82350048329283,37.19499754637173,126.82916959031724,37.20883391693488,2024-10-24 20:43:16
507,58,19,20,,,126.83493231496169,37.20881359839385,126.82979762267402,37.19554019431261,2024-10-24 20:44:02
508,71,72,20,,,126.84065551388406,37.204207381895095,126.8121228461191,37.208035846967036,2024-10-24 20:44:14
509,56,41,20,,,126.83424140669467,37.20597230706734,126.83436224091133,37.1974213110834,2024-10-24 20:44:53
510,17,54,20,,,126.82616576487335,37.19694139048402,126.83226264738596,37.21073780930211,2024-10-24 20:46:24
511,55,3,20,,,126.83058192050191,37.20853181327137,126.82397872855047,37.21042865825377,2024-10-24 20:48:21
512,70,33,20,,,126.83744251388694,37.2088228796524,126.82872800802984,37.20057644813481,2024-10-24 20:49:50
513,69,30,20,,,126.83797512915298,37.207082826255544,126.83277045028022,37.198232418633516,2024-10-24 20:52:43
514,56,41,20,,,126.83518509044214,37.205716731265,126.83477370842276,37.196365919146885,2024-10-24 20:55:27
515,54,33,20,,,126.83240191949935,37.210765207557195,126.82871387347484,37.20152991716954,2024-10-24 20:55:44
516,55,71,20,,,126.82980483264033,37.20970383015064,126.84032208571186,37.204987262962106,2024-10-24 20:57:52
517,56,33,20,,,126.8349960201149,37.206026337024745,126.82903333236345,37.20124722469846,2024-10-24 20:59:22
518,70,33,21,,,126.83851306785117,37.21027734482448,126.8302585739613,37.19985206618054,2024-10-24 21:00:10
519,56,41,21,,,126.83460588366177,37.20554238397861,126.83411394013369,37.19782941244901,2024-10-24 21:02:12
520,62,33,21,,,126.83854342013012,37.21162656142318,126.82843284515047,37.20048897531058,2024-10-24 21:06:30
521,56,41,21,,,126.83438262181885,37.20619418259271,126.83441164812088,37.197817360712456,2024-10-24 21:08:00
522,69,30,21,,,126.83713168884572,37.20687856633906,126.8316790282745,37.19875937894729,2024-10-24 21:09:42
523,72,6,21,,,126.81229156244497,37.208112259234206,126.82403841294494,37.2041245627584,2024-10-24 21:14:52
524,53,67,21,,,126.82931214330618,37.20588107811635,126.83402081788736,37.20290244153051,2024-10-24 21:15:03
525,10,63,21,,,126.81726969775058,37.20993377391634,126.83567206504073,37.210647204059306,2024-10-24 21:15:49
526,42,70,21,,,126.83091697289369,37.19572615316053,126.83784038293811,37.20992640238217,2024-10-24 21:16:17
527,62,47,21,,,126.83729700819437,37.21308947879119,126.82702478988668,37.21157929352431,2024-10-24 21:18:55
528,58,19,21,,,126.83446983419844,37.2086523699739,126.82845145851445,37.19599282906996,2024-10-24 21:19:11
529,72,22,21,,,126.81179773443023,37.2068515123844,126.8158635132335,37.19539442397651,2024-10-24 21:19:21
530,36,60,21,,,126.82412537057178,37.19934169750567,126.83252252075276,37.21335343184253,2024-10-24 21:20:18
531,19,10,21,,,126.82809409906001,37.194428977307446,126.81698914507044,37.209679665196184,2024-10-24 21:22:15
532,56,41,21,,,126.83512925331335,37.20636501668549,126.83446810272649,37.197052289401284,2024-10-24 21:23:56
533,28,56,21,,,126.8297730708017,37.20417235602685,126.83532070643001,37.20627039580147,2024-10-24 21:24:01
534,11,17,21,,,126.81375550346222,37.207266033403315,126.82681313893295,37.19632632990263,2024-10-24 21:26:32
535,11,1,21,,,126.81455412512683,37.20731551786535,126.81630067187452,37.19747193249061,2024-10-24 21:27:00
536,42,70,21,,,126.83170049594676,37.196308244790345,126.83779207363052,37.20938560686288,2024-10-24 21:28:33
537,56,17,21,,,126.8355688711412,37.20484775217071,126.82600103731649,37.19727233123108,2024-10-24 21:29:01
538,54,33,21,,,126.83321698370088,37.21032477541621,126.82933588533785,37.200656409550426,2024-10-24 21:31:13
539,45,47,21,,,126.82443850256236,37.212159305509736,126.82776425536038,37.2115311063626,2024-10-24 21:33:25
540,10,17,21,,,126.81633044853525,37.20868716880538,126.82732254468975,37.196889338146576,2024-10-24 21:35:13
541,42,70,21,,,126.83184140404718,37.19650225900852,126.83792855835081,37.21053932840386,2024-10-24 21:36:41
542,46,46,21,,,126.83020062111216,37.21193905099236,126.83004194228697,37.21229756829402,2024-10-24 21:38:20
543,58,19,21,,,126.83584911315914,37.20799334073468,126.82922478775045,37.19600580536167,2024-10-24 21:39:05
544,55,6,21,,,126.83053677551557,37.208340929781365,126.82412640618998,37.20478169847929,2024-10-24 21:39:05
545,70,33,21,,,126.83835650166878,37.21012872656007,126.82981387814317,37.20047148441097,2024-10-24 21:43:15
546,70,42,21,,,126.83753517865783,37.2098678169404,126.8316197327858,37.19524205452758,2024-10-24 21:43:20
547,27,65,21,,,126.82640682126186,37.19921186695487,126.83368855428633,37.19979665762985,2024-10-24 21:43:37
548,70,33,21,,,126.83755687554729,37.210412201526914,126.82896885193774,37.2015662910221,2024-10-24 21:47:25
549,63,13,21,,,126.83485255869846,37.21091862363196,126.81634858302544,37.204394803665735,2024-10-24 21:48:33
550,58,19,21,,,126.83454696491074,37.2078718939145,126.8285678200765,37.19415354442443,2024-10-24 21:53:34
551,11,58,21,,,126.81352941534954,37.2073822608196,126.83450699914052,37.20920261326214,2024-10-24 21:54:20
552,56,17,21,,,126.8354287379699,37.206156491777826,126.8258427033163,37.19665237340106,2024-10-24 21:56:09
553,46,63,21,,,126.82954518839128,37.21181587843852,126.83594921099761,37.211405225807226,2024-10-24 21:57:20
554,45,68,21,,,126.82408347228156,37.212299714305985,126.84046127795725,37.20144591385546,2024-10-24 21:59:05
555,10,22,22,,,126.81686577571455,37.21032193881737,126.8167116518541,37.19625352789215,2024-10-24 22:00:02
556,58,19,22,,,126.83421273319311,37.20798302515645,126.82944476911659,37.19415576647633,2024-10-24 22:00:56
557,58,33,22,,,126.83500805155535,37.20807899358892,126.82879154815379,37.201572638817794,2024-10-24 22:04:30
558,21,6,22,,,126.81757885380763,37.196750268922564,126.82365808222984,37.204088746279815,2024-10-24 22:06:13
559,33,56,22,,,126.82915890124497,37.201642092683294,126.83405038631892,37.20490726959513,2024-10-24 22:08:13
560,63,56,22,,,126.83468511448028,37.211677429431184,126.83495474043357,37.206548951696455,2024-10-24 22:09:22
561,32,59,22,,,126.83188935952323,37.20178539323105,126.83213479586468,37.20639390273533,2024-10-24 22:15:26
562,56,17,22,,,126.83413421703332,37.205632694732834,126.82659347898256,37.19676880532414,2024-10-24 22:16:20
563,58,33,22,,,126.83500204664645,37.20763108019891,126.82953193818628,37.20057252654896,2024-10-24 22:16:41
564,33,56,22,,,126.82986119434472,37.19994004145385,126.83417502217048,37.20614923489493,2024-10-24 22:20:25
565,62,33,22,,,126.83835933657828,37.212687542768045,126.82833960332054,37.20001707467165,2024-10-24 22:21:06
566,58,33,22,,,126.83597492918679,37.207616697726074,126.82862502763987,37.20161440963307,2024-10-24 22:21:09
567,58,33,22,,,126.83540166796395,37.208240117608064,126.82967638474683,37.20133483580273,2024-10-24 22:22:18
568,10,17,22,,,126.81753468515767,37.21012657165581,126.82665797849059,37.19586152609291,2024-10-24 22:23:27
569,11,71,22,,,126.81406959878738,37.20775791187376,126.83938646379087,37.205796257069196,2024-10-24 22:24:36
570,33,56,22,,,126.82992618704507,37.19984444502635,126.83464385308736,37.204849322359365,2024-10-24 22:26:09
571,56,33,22,,,126.83504549048567,37.20636454730082,126.82968015747542,37.20039660779006,2024-10-24 22:26:24
572,19,10,22,,,126.82931816584554,37.19528603730548,126.81686863899434,37.20984872665387,2024-10-24 22:27:03
573,58,33,22,,,126.83520620910139,37.20762351022597,126.82886920884889,37.200897876975695,2024-10-24 22:27:27
574,38,43,22,,,126.82359495917837,37.201022087878926,126.82411349838289,37.190554971822586,2024-10-24 22:30:02
575,58,33,22,,,126.83555833762145,37.20803163020232,126.82916142384776,37.2012000028657,2024-10-24 22:34:35
576,56,33,22,,,126.8339328637329,37.20642036834912,126.82894721867854,37.200387979278446,2024-10-24 22:36:03
577,72,1,22,,,126.81095648711191,37.20650976485937,126.81690480239808,37.19862394152556,2024-10-24 22:38:41
578,54,33,22,,,126.83224173004457,37.21063583377156,126.82836792218971,37.20154834135456,2024-10-24 22:40:57
579,46,4,22,,,126.83093060646563,37.212301307292655,126.82135653903691,37.20785842713888,2024-10-24 22:42:03
580,70,42,22,,,126.8377291287545,37.20869366936131,126.83155010386854,37.195835640946505,2024-10-24 22:42:50
581,10,55,22,,,126.81775902385135,37.20894199334849,126.8291732294289,37.209865706553124,2024-10-24 22:44:22
582,33,56,22,,,126.82937528993051,37.19995148899803,126.83520877013443,37.20465986877686,2024-10-24 22:46:13
583,56,17,22,,,126.8352010692574,37.205426421324745,126.82699317550973,37.19733724344075,2024-10-24 22:51:03
584,54,33,22,,,126.83313190672234,37.20943978893882,126.82917305086045,37.200368854145125,2024-10-24 22:51:22
585,58,19,22,,,126.83610781199891,37.208400683854094,126.82904091611245,37.19418081243848,2024-10-24 22:52:04
586,69,30,22,,,126.83711274846459,37.20736872902589,126.83227459759759,37.198674667630335,2024-10-24 22:53:27
587,54,33,22,,,126.83222582373844,37.20947313487146,126.82942106664099,37.19983428029636,2024-10-24 22:54:00
588,69,30,22,,,126.83764196296444,37.206582364419134,126.83272514600496,37.198456828070206,2024-10-24 22:55:05
589,10,17,22,,,126.81625865147129,37.20925742586508,126.82628819134403,37.19748494344145,2024-10-24 22:57:07
590,56,17,22,,,126.83451202837527,37.20595973003312,126.82642466457851,37.19680513849719,2024-10-24 22:57:49
591,69,30,22,,,126.83836708406102,37.20626124425326,126.83083375733175,37.19947378934953,2024-10-24 22:59:37
