idx,o_x1,o_y1,d_x2,d_y2,d_t,time
61466,127.8708892,36.9637852,127.8741991,36.9705114,0.0,00:00:00
25493,127.8712095,36.9651719,127.8719309,36.9738802,0.001,00:01:26
50106,127.8690064,36.9690298,127.8727772,36.9668334,0.002,00:02:52
48394,127.8743969,36.970442,127.8701245,36.9683002,0.003,00:04:19
49366,127.8717786,36.9709107,127.8708839,36.9634579,0.004,00:05:45
31338,127.8732684,36.96896506,127.871211,36.96527704,0.005,00:07:12
107673,127.8717279,36.97381388,127.8700141,36.96829699,0.006,00:08:38
77529,127.8729006,36.9676214,127.8722713,36.9740093,0.006999999999999999,00:10:04
50190,127.8727654,36.9668073,127.8712091,36.9650271,0.008,00:11:31
27373,127.8717756,36.97367962,127.871223,36.96506071,0.009000000000000001,00:12:57
44523,127.8744204,36.9704828,127.8704431,36.9684479,0.01,00:14:24
78120,127.8734258,36.9735497,127.8701139,36.9683525,0.011,00:15:50
12507,127.8712326,36.9651749,127.8723388,36.9740314,0.012,00:17:16
26682,127.8728166,36.96954001,127.8712847,36.96496566,0.013000000000000001,00:18:43
109266,127.8711935,36.9648743,127.8717664,36.9737846,0.013999999999999999,00:20:09
26854,127.8723514,36.97404072,127.8742491,36.97050207,0.015,00:21:36
23160,127.8712673,36.96519177,127.8742907,36.97053711,0.016,00:23:02
43735,127.8718163,36.9709074,127.873324,36.9689531,0.016999999999999998,00:24:28
27544,127.871199,36.9648498,127.8723387,36.9740293,0.018000000000000002,00:25:55
29228,127.8700597,36.9718173,127.8712537,36.964847,0.019,00:27:21
78249,127.8719819,36.97206514,127.8710115,36.96349299,0.02,00:28:48
128163,127.8735709,36.97334661,127.8732893,36.96748767,0.021,00:30:14
50965,127.8700055,36.96831332,127.8729102,36.97284448,0.022,00:31:40
133534,127.8732969,36.96896039,127.8709422,36.96378042,0.023,00:33:07
97281,127.8732417,36.96889607,127.8728385,36.97278575,0.024,00:34:33
88526,127.871819,36.9737158,127.869065,36.9691829,0.025,00:36:00
126637,127.8716966,36.97376045,127.8711483,36.9648302,0.026000000000000002,00:37:26
114944,127.8699961,36.96833554,127.8723363,36.9740738,0.027000000000000003,00:38:52
114895,127.8727029,36.96678924,127.8709716,36.96378062,0.027999999999999997,00:40:19
154681,127.8708488,36.96351707,127.8723701,36.97405202,0.028999999999999998,00:41:45
134401,127.8727199,36.9695047,127.8734066,36.9734834,0.03,00:43:12
110121,127.8734849,36.9735076,127.8712848,36.965311,0.031,00:44:38
97488,127.8724119,36.97411146,127.8714001,36.96993434,0.032,00:46:04
43249,127.8733967,36.96913265,127.8711504,36.96482681,0.032999999999999995,00:47:31
126226,127.8735252,36.97341149,127.8709741,36.96352554,0.033999999999999996,00:48:57
96785,127.874267,36.9705328,127.8709274,36.9635038,0.035,00:50:24
145201,127.8709884,36.96361209,127.8734184,36.97349287,0.036000000000000004,00:51:50
61515,127.8711032,36.9648653,127.871792,36.9737524,0.037000000000000005,00:53:16
115280,127.8723495,36.9740528,127.8727134,36.9668359,0.038,00:54:43
90424,127.872688,36.96957198,127.8718528,36.97394578,0.039,00:56:09
44211,127.8709303,36.96357461,127.8723752,36.97408135,0.04,00:57:36
98191,127.8691742,36.9690681,127.8718995,36.9737756,0.041,00:59:02
44122,127.8727979,36.9728619,127.8727483,36.9667498,0.042,01:00:28
23863,127.8691588,36.9691163,127.8709003,36.9636983,0.043,01:01:55
27712,127.872262,36.9741083,127.8728778,36.9696881,0.044,01:03:21
63161,127.8712135,36.96499991,127.8723229,36.97402904,0.045,01:04:48
80188,127.8723704,36.97400752,127.8732674,36.96897234,0.046,01:06:14
88947,127.8714154,36.96506534,127.8732146,36.96892473,0.047,01:07:40
25202,127.8713229,36.96984388,127.8712214,36.96513799,0.048,01:09:07
28040,127.8717277,36.9738989,127.8712204,36.965078,0.049,01:10:33
130655,127.8724315,36.97407867,127.8715313,36.96962956,0.05,01:12:00
112517,127.8723793,36.9740199,127.8740789,36.9679925,0.051,01:13:26
60541,127.8728639,36.96761933,127.8712335,36.96516084,0.052000000000000005,01:14:52
44550,127.8717433,36.9737526,127.8711921,36.9651476,0.053,01:16:19
64487,127.8711187,36.96483715,127.8717874,36.97097175,0.054000000000000006,01:17:45
155252,127.8732354,36.96902325,127.871079,36.96352858,0.055,01:19:12
130586,127.8733986,36.96897549,127.8718211,36.97391193,0.055999999999999994,01:20:38
110420,127.8742624,36.9704712,127.8713298,36.9652901,0.057,01:22:04
112619,127.8700369,36.96831664,127.8727204,36.96683036,0.057999999999999996,01:23:31
108402,127.8717904,36.9737888,127.8690868,36.9690596,0.059000000000000004,01:24:57
144423,127.8729941,36.96876683,127.8712068,36.9649709,0.06,01:26:24
44698,127.8740704,36.9679357,127.8708381,36.963728,0.061,01:27:50
44177,127.8733936,36.973508,127.8742693,36.9705119,0.062,01:29:16
24364,127.8717771,36.97375407,127.8711677,36.96484818,0.063,01:30:43
63856,127.8727833,36.96686891,127.8734669,36.97351618,0.064,01:32:09
45732,127.870096,36.9683383,127.8700877,36.97192818,0.065,01:33:36
64902,127.872862,36.9675682,127.8711668,36.9650139,0.06599999999999999,01:35:02
154686,127.8710703,36.9648735,127.87236,36.974048,0.067,01:36:28
131042,127.8741708,36.9705868,127.8712013,36.9650646,0.06799999999999999,01:37:55
97951,127.8714523,36.96523326,127.8718156,36.97376093,0.069,01:39:21
101309,127.8717659,36.97383649,127.8712074,36.96512325,0.07,01:40:48
27882,127.8728194,36.9675035,127.8742588,36.9705059,0.071,01:42:14
154260,127.8710272,36.96340383,127.8711136,36.96935172,0.07200000000000001,01:43:40
133982,127.8710431,36.96334984,127.8719034,36.97200387,0.073,01:45:07
28849,127.8701737,36.9682711,127.8711277,36.9647957,0.07400000000000001,01:46:33
154656,127.8723609,36.97398012,127.8727748,36.96679911,0.075,01:48:00
97241,127.8718371,36.97391,127.8732775,36.96892699,0.076,01:49:26
128607,127.8701418,36.96833323,127.8709804,36.96347592,0.077,01:50:52
94843,127.8717462,36.97376404,127.8741572,36.97056072,0.078,01:52:19
125473,127.8742763,36.970597,127.8727306,36.966818,0.079,01:53:45
108463,127.8727168,36.96674455,127.8711366,36.9648787,0.08,01:55:12
79242,127.8742517,36.9679215,127.8712989,36.9652557,0.081,01:56:38
130438,127.8734234,36.9735572,127.8691087,36.9691007,0.082,01:58:04
24292,127.8717166,36.97364258,127.871394,36.96980719,0.083,01:59:31
29976,127.871851,36.9737246,127.8713011,36.9651331,0.084,02:00:57
31270,127.8709789,36.9635535,127.8734637,36.9735637,0.085,02:02:24
60776,127.8714806,36.96970446,127.8743076,36.97044235,0.086,02:03:50
51052,127.8713696,36.96534374,127.8723904,36.97405642,0.08700000000000001,02:05:16
154572,127.871166,36.96533493,127.8691646,36.96908576,0.088,02:06:43
45811,127.8718288,36.9737141,127.8744823,36.9705691,0.08900000000000001,02:08:09
77627,127.8713408,36.96956928,127.871215,36.96485442,0.09,02:09:36
95492,127.8717867,36.973764,127.8691279,36.9690538,0.091,02:11:02
130551,127.8743012,36.9705033,127.8719201,36.9737385,0.092,02:12:28
12559,127.8723196,36.9740377,127.8711122,36.9650275,0.093,02:13:55
12152,127.8712555,36.9651997,127.8733053,36.9735465,0.094,02:15:21
110064,127.8712849,36.9652209,127.8691118,36.9690944,0.095,02:16:48
155028,127.872346,36.97405919,127.869985,36.96855692,0.096,02:18:14
129376,127.8722663,36.97400731,127.8701296,36.96840539,0.09699999999999999,02:19:40
134055,127.8691886,36.96911597,127.8701057,36.971902,0.098,02:21:07
114191,127.8734318,36.9735591,127.8728547,36.9675621,0.099,02:22:33
45636,127.8734383,36.97338105,127.8740149,36.96796161,0.1,02:24:00
63895,127.8734473,36.9734944,127.8733348,36.96898783,0.10099999999999999,02:25:26
50173,127.8711567,36.9647794,127.872369,36.9740859,0.102,02:26:52
111720,127.8709407,36.96334424,127.8734675,36.97355737,0.10300000000000001,02:28:19
23209,127.8728656,36.97284236,127.8713745,36.96981977,0.10400000000000001,02:29:45
26995,127.8713805,36.96994586,127.8734054,36.9735147,0.105,02:31:12
113969,127.8735118,36.9734969,127.8714311,36.9697992,0.106,02:32:38
108387,127.8732697,36.96895438,127.8733384,36.9735304,0.107,02:34:04
115754,127.8717658,36.97091816,127.8723553,36.97410287,0.10800000000000001,02:35:31
114964,127.8719111,36.97209747,127.8727451,36.96683046,0.109,02:36:57
115981,127.8713758,36.96515126,127.8724136,36.97409048,0.11,02:38:24
133947,127.8711592,36.96499325,127.8691263,36.96910102,0.111,02:39:50
78198,127.8713574,36.9652567,127.8701311,36.9683353,0.11199999999999999,02:41:16
33081,127.8722995,36.97409477,127.8691719,36.96916284,0.113,02:42:43
45385,127.8713586,36.9651882,127.8723883,36.9740633,0.114,02:44:09
114183,127.8712969,36.96528488,127.8717802,36.97092152,0.115,02:45:36
101187,127.8732739,36.96894778,127.8710156,36.96356894,0.11599999999999999,02:47:02
12693,127.871751,36.97090425,127.8723746,36.97402334,0.11699999999999999,02:48:28
111014,127.8723105,36.97401163,127.8712852,36.96532062,0.11800000000000001,02:49:55
45874,127.8727351,36.96681874,127.8742506,36.97050401,0.11900000000000001,02:51:21
60320,127.8712195,36.9633451,127.8700729,36.9682791,0.12,02:52:48
155318,127.8711866,36.9647941,127.8733051,36.96899903,0.121,02:54:14
145117,127.8732465,36.96750899,127.8722759,36.97408495,0.122,02:55:40
126505,127.8712694,36.9652352,127.8700269,36.9683201,0.12300000000000001,02:57:07
46366,127.8723492,36.9740468,127.8710578,36.9649255,0.124,02:58:33
78921,127.8717359,36.9739137,127.871104,36.9650781,0.125,03:00:00
79219,127.8740836,36.96790501,127.8727063,36.96949157,0.126,03:01:26
24677,127.8710023,36.96335892,127.8700693,36.96834489,0.127,03:02:52
49631,127.872392,36.97411196,127.8727731,36.96683293,0.128,03:04:19
50985,127.8726061,36.96689397,127.8712287,36.96499335,0.129,03:05:45
46019,127.8709784,36.96375743,127.8732749,36.96893138,0.13,03:07:12
109125,127.870027,36.9719371,127.873677,36.9734187,0.131,03:08:38
113309,127.8712858,36.96924075,127.87195,36.9719738,0.13199999999999998,03:10:04
88900,127.8732995,36.96896337,127.8710793,36.96486477,0.133,03:11:31
23913,127.8720209,36.97367335,127.8701977,36.96831083,0.134,03:12:57
153085,127.8725225,36.97396965,127.8712078,36.96534716,0.135,03:14:24
23634,127.8718821,36.97378486,127.8710884,36.96927626,0.13599999999999998,03:15:50
125832,127.8723284,36.97406955,127.8717166,36.97118775,0.13699999999999998,03:17:16
62771,127.8712481,36.96509069,127.870094,36.97189721,0.138,03:18:43
144041,127.8717969,36.97379183,127.8713927,36.96968554,0.139,03:20:09
29198,127.8717083,36.97380091,127.8712687,36.96527538,0.14,03:21:36
24430,127.8708632,36.9635138,127.8691256,36.9690937,0.141,03:23:02
145155,127.8712383,36.96505789,127.8733083,36.96899322,0.142,03:24:28
62650,127.8701588,36.96832219,127.8712224,36.96480955,0.14300000000000002,03:25:55
97282,127.8691609,36.96908069,127.8723667,36.97406362,0.14400000000000002,03:27:21
154168,127.8733418,36.9675158,127.8723294,36.9741214,0.145,03:28:48
101115,127.8718126,36.97393315,127.871784,36.97100182,0.146,03:30:14
45293,127.8734948,36.97344846,127.8708721,36.9637511,0.147,03:31:40
32938,127.8734811,36.9735715,127.8712025,36.9648761,0.14800000000000002,03:33:07
114738,127.873288,36.96894708,127.8733968,36.97354773,0.149,03:34:33
23159,127.8717353,36.97091125,127.8733686,36.9735056,0.15,03:36:00
49380,127.8722518,36.97392684,127.8700983,36.96833171,0.151,03:37:26
96514,127.8700056,36.96826538,127.8724219,36.97406571,0.152,03:38:52
25205,127.8712398,36.96518825,127.8733129,36.96896091,0.153,03:40:19
26973,127.8733052,36.9688936,127.8742775,36.97051782,0.154,03:41:45
110836,127.8713314,36.96536748,127.871902,36.97200633,0.155,03:43:12
63002,127.8727978,36.9667743,127.8710702,36.9648443,0.156,03:44:38
130374,127.8723646,36.97408292,127.8714684,36.97003189,0.157,03:46:04
87845,127.8710065,36.96347147,127.8742626,36.97051386,0.158,03:47:31
50977,127.8708852,36.9638333,127.8717556,36.9708537,0.159,03:48:57
79961,127.8708122,36.9635255,127.8691052,36.9690648,0.16,03:50:24
12908,127.8723529,36.9740613,127.8727472,36.9668079,0.161,03:51:50
112426,127.8723242,36.9740445,127.8727046,36.969519,0.162,03:53:16
99789,127.8709881,36.96483197,127.8718789,36.97102088,0.163,03:54:43
11894,127.8734186,36.97346966,127.8709395,36.963813,0.164,03:56:09
61862,127.8712361,36.9651516,127.871346,36.9697989,0.165,03:57:36
62951,127.8713108,36.96489055,127.8700723,36.9683719,0.166,03:59:02
78181,127.8734503,36.97355574,127.871196,36.96490674,0.16699999999999998,04:00:28
33035,127.8741617,36.97049525,127.8712822,36.96516056,0.168,04:01:55
128484,127.8718002,36.9736872,127.8715723,36.9696956,0.169,04:03:21
99714,127.8701482,36.96831768,127.8723994,36.97405892,0.17,04:04:48
127005,127.8723676,36.97408916,127.8714549,36.96995092,0.17099999999999999,04:06:14
155348,127.8714715,36.9697186,127.8709234,36.9634632,0.172,04:07:40
45220,127.8734316,36.97349908,127.8700438,36.97190657,0.17300000000000001,04:09:07
48733,127.8723379,36.97404581,127.8713319,36.9697596,0.17400000000000002,04:10:33
30397,127.8709123,36.9634513,127.8725814,36.9698062,0.175,04:12:00
49511,127.8690851,36.9690783,127.8723732,36.9740467,0.176,04:13:26
62973,127.8733732,36.9735381,127.8712271,36.96508879,0.177,04:14:52
13146,127.871751,36.97388536,127.8701135,36.96834428,0.17800000000000002,04:16:19
127983,127.8712068,36.96532092,127.8699315,36.96837866,0.179,04:17:45
131617,127.8718878,36.9739327,127.8717016,36.9712445,0.18,04:19:12
80308,127.8712238,36.96533282,127.8734034,36.97351262,0.181,04:20:38
97334,127.873445,36.9734758,127.8713518,36.9652258,0.182,04:22:04
154123,127.8723871,36.9740673,127.8741946,36.9705096,0.183,04:23:31
97776,127.8712996,36.96511336,127.8728855,36.97284714,0.184,04:24:57
78939,127.871375,36.96982673,127.8717796,36.97387075,0.185,04:26:24
29941,127.8734718,36.97342434,127.8714549,36.96971714,0.186,04:27:50
110867,127.8699803,36.96833511,127.8709928,36.96350451,0.187,04:29:16
50953,127.8712252,36.96486453,127.8700753,36.96834292,0.188,04:30:43
111381,127.871821,36.9708944,127.871773,36.9737912,0.189,04:32:09
128751,127.8727237,36.96684333,127.872377,36.97406366,0.19,04:33:36
155458,127.8713917,36.9697665,127.8700804,36.9719189,0.191,04:35:02
114550,127.8723993,36.97413283,127.8700875,36.96833785,0.192,04:36:28
26882,127.8700647,36.9719552,127.8691531,36.9691156,0.193,04:37:55
114595,127.8717966,36.9737147,127.8710445,36.9647487,0.19399999999999998,04:39:21
133400,127.8709953,36.96341481,127.8717631,36.96979915,0.195,04:40:48
64582,127.8711652,36.96508222,127.8726878,36.9695413,0.196,04:42:14
115251,127.8712787,36.9652319,127.8713227,36.9693436,0.19699999999999998,04:43:40
115522,127.8713601,36.96985231,127.872376,36.97406026,0.198,04:45:07
24875,127.8719398,36.9720657,127.8732802,36.9688971,0.19899999999999998,04:46:33
28319,127.871808,36.9708996,127.8727572,36.9667848,0.2,04:48:00
44640,127.871046,36.96925308,127.8737696,36.96905104,0.201,04:49:26
48449,127.8709835,36.9693049,127.8727105,36.97282699,0.20199999999999999,04:50:52
101168,127.8723852,36.97406402,127.8732664,36.96892163,0.203,04:52:19
49125,127.8723492,36.97403745,127.8712987,36.9700334,0.204,04:53:45
128482,127.871904,36.97385439,127.8701288,36.96829974,0.205,04:55:12
63554,127.8717815,36.97094788,127.8710069,36.96379576,0.20600000000000002,04:56:38
130610,127.8723274,36.974034,127.8743174,36.9705781,0.207,04:58:04
25312,127.8728648,36.96753015,127.8713483,36.96985335,0.20800000000000002,04:59:31
78446,127.8712785,36.96503874,127.8717334,36.97390102,0.209,05:00:57
96681,127.8723642,36.97403865,127.8712447,36.96532447,0.21,05:02:24
115969,127.8712662,36.9652469,127.8733815,36.9735334,0.21100000000000002,05:03:50
43134,127.8732705,36.96892,127.8710732,36.96377229,0.212,05:05:16
98300,127.8727232,36.96964889,127.8723865,36.97402705,0.213,05:06:43
99597,127.870037,36.96825246,127.8712049,36.9652113,0.214,05:08:09
152438,127.8713744,36.9697576,127.8716475,36.9738411,0.215,05:09:36
46387,127.8723422,36.9740671,127.8711512,36.9648563,0.21600000000000003,05:11:02
86796,127.8710391,36.96343435,127.8718479,36.97380818,0.217,05:12:28
62737,127.8724902,36.97390674,127.870153,36.96835208,0.218,05:13:55
101241,127.8701316,36.96832597,127.8734032,36.97356018,0.21899999999999997,05:15:21
109349,127.8733035,36.96898982,127.8724292,36.97405308,0.22,05:16:48
129332,127.8709416,36.9635169,127.8734646,36.97348697,0.22100000000000003,05:18:14
80667,127.8718757,36.97092021,127.8740922,36.97055955,0.222,05:19:40
111273,127.871894,36.97390573,127.8700373,36.96828519,0.223,05:21:07
46727,127.8718291,36.97375825,127.8708336,36.96345487,0.22399999999999998,05:22:33
45188,127.8712136,36.9650907,127.87234,36.9739826,0.225,05:24:00
81059,127.8723174,36.9740488,127.870852,36.9634774,0.226,05:25:26
133631,127.8691009,36.96907092,127.8723838,36.97406728,0.22699999999999998,05:26:52
62725,127.8712723,36.96471958,127.8742732,36.97051668,0.228,05:28:19
45973,127.8712037,36.96507453,127.8701537,36.96833307,0.22899999999999998,05:29:45
62867,127.8717452,36.97388247,127.8732716,36.96895424,0.23,05:31:12
62592,127.8701272,36.96828624,127.8711513,36.96479689,0.231,05:32:38
88021,127.8718842,36.97384377,127.8712529,36.96518232,0.23199999999999998,05:34:04
28564,127.8727103,36.96683241,127.8712186,36.96924289,0.233,05:35:31
30191,127.8729581,36.97283745,127.8712478,36.9650044,0.23399999999999999,05:36:57
109095,127.8717838,36.97393291,127.8713546,36.96984325,0.235,05:38:24
132887,127.8742112,36.97051089,127.870974,36.96356045,0.23600000000000002,05:39:50
125750,127.8710173,36.96354653,127.87233,36.97407115,0.237,05:41:16
79906,127.8726756,36.9668324,127.8732671,36.9689167,0.23800000000000002,05:42:43
29292,127.8732967,36.9735697,127.8710334,36.96929113,0.239,05:44:09
24481,127.8710736,36.96934844,127.8728999,36.97280963,0.24,05:45:36
61093,127.8710542,36.96369174,127.8710255,36.96926665,0.24100000000000002,05:47:02
154304,127.8709761,36.96893559,127.8711596,36.96531823,0.242,05:48:28
49512,127.8734576,36.9735486,127.8714528,36.9700003,0.24300000000000002,05:49:55
131134,127.873452,36.97355775,127.8709101,36.96353777,0.244,05:51:21
90856,127.8718527,36.9739163,127.8727024,36.9695413,0.245,05:52:48
63918,127.8723179,36.9740205,127.8744913,36.9704232,0.24600000000000002,05:54:14
80971,127.8723928,36.97407056,127.871189,36.96692734,0.247,05:55:40
26680,127.8727965,36.9668138,127.8694138,36.9690447,0.248,05:57:07
89957,127.8713588,36.9698573,127.8717676,36.9738422,0.24899999999999997,05:58:33
132583,127.8723739,36.97409233,127.8700079,36.96833978,0.25,06:00:00
88945,127.8719671,36.97384039,127.8728744,36.96753333,0.251,06:01:26
153518,127.8714227,36.9697151,127.8711226,36.9648213,0.252,06:02:52
153741,127.8717934,36.9737168,127.8709174,36.9634793,0.253,06:04:19
80028,127.8727268,36.9668427,127.872866,36.9728227,0.254,06:05:45
63986,127.8717536,36.97375962,127.8732728,36.96883603,0.255,06:07:12
132454,127.8712629,36.96494057,127.8713579,36.96983845,0.256,06:08:38
109620,127.8713279,36.9650725,127.8716049,36.9711826,0.257,06:10:04
64456,127.8727324,36.966805,127.8718377,36.9737015,0.258,06:11:31
130709,127.871122,36.96933017,127.8727525,36.96682264,0.259,06:12:57
25441,127.8742374,36.9704943,127.8711825,36.9648171,0.26,06:14:24
63637,127.8711348,36.9647841,127.8723847,36.9739477,0.261,06:15:50
50045,127.8717607,36.97372434,127.870161,36.96830286,0.262,06:17:16
90738,127.8727702,36.9667922,127.8717502,36.973742,0.263,06:18:43
44081,127.8735093,36.9734723,127.8733306,36.9688603,0.26399999999999996,06:20:09
12130,127.8743101,36.97042652,127.8728403,36.97287468,0.265,06:21:36
90777,127.8722877,36.9740432,127.8726881,36.9695376,0.266,06:23:02
96416,127.87094,36.96339676,127.8727345,36.96683598,0.267,06:24:28
101160,127.869019,36.96909778,127.8718412,36.97396266,0.268,06:25:55
60304,127.8701197,36.96829486,127.8708796,36.96340117,0.26899999999999996,06:27:21
128589,127.8713999,36.97001472,127.8708859,36.9635168,0.27,06:28:48
98815,127.8734632,36.9688159,127.8733898,36.9735002,0.271,06:30:14
80870,127.8712165,36.96495079,127.8719455,36.97202624,0.27199999999999996,06:31:40
49410,127.8734188,36.9735022,127.8738441,36.9689857,0.273,06:33:07
128455,127.8713627,36.96974508,127.870903,36.96348167,0.27399999999999997,06:34:33
111305,127.8718626,36.97385888,127.8709124,36.96351636,0.275,06:36:00
112673,127.8723439,36.97407538,127.8712336,36.96491569,0.276,06:37:26
144165,127.8710645,36.96936809,127.871074,36.96489467,0.27699999999999997,06:38:52
28361,127.8717366,36.9737555,127.8712469,36.9650207,0.278,06:40:19
45631,127.8713364,36.9652004,127.8701446,36.9683005,0.27899999999999997,06:41:45
88326,127.8740893,36.96788911,127.8709309,36.96342341,0.28,06:43:12
61292,127.8735019,36.97341966,127.8712718,36.96528339,0.281,06:44:38
43211,127.871229,36.96485294,127.8724573,36.97404032,0.282,06:46:04
115442,127.872683,36.9731205,127.8699258,36.9683657,0.28300000000000003,06:47:31
126036,127.8717637,36.97118031,127.8734038,36.97355295,0.284,06:48:57
62015,127.8691152,36.9691334,127.8727773,36.9667849,0.285,06:50:24
134048,127.8717448,36.97373073,127.8691233,36.96913668,0.28600000000000003,06:51:50
94779,127.8700487,36.9684224,127.8717483,36.9738469,0.287,06:53:16
153022,127.8712544,36.9650843,127.8733605,36.9735087,0.28800000000000003,06:54:43
80232,127.8713539,36.96508386,127.873434,36.97353447,0.289,06:56:09
128673,127.8740242,36.96787734,127.8723916,36.97407731,0.29,06:57:36
66734,127.8727642,36.9668883,127.8711845,36.9649566,0.29100000000000004,06:59:02
134318,127.8711712,36.96522154,127.8701164,36.96834915,0.292,07:00:28
78612,127.8718318,36.97202469,127.8723588,36.97405734,0.293,07:01:55
99067,127.8709518,36.96382959,127.871137,36.96936885,0.294,07:03:21
154283,127.8733603,36.97348639,127.8712588,36.96524353,0.295,07:04:48
114793,127.8717726,36.9738559,127.871264,36.9653,0.29600000000000004,07:06:14
25012,127.8712828,36.96532452,127.8734129,36.97355982,0.297,07:07:40
50126,127.8735215,36.9734904,127.8708193,36.96345368,0.298,07:09:07
153560,127.8734223,36.97355861,127.8712693,36.96528733,0.299,07:10:33
27471,127.872686,36.96950938,127.8712682,36.96512546,0.3,07:12:00
50081,127.8712359,36.965288,127.8723736,36.974004,0.301,07:13:26
63689,127.8732258,36.96894972,127.8711556,36.96485483,0.302,07:14:52
78030,127.870799,36.9692036,127.8733709,36.9735617,0.303,07:16:19
29463,127.8734647,36.9734968,127.8742538,36.9705078,0.304,07:17:45
134482,127.8716752,36.97114179,127.871205,36.96501,0.305,07:19:12
45721,127.8713029,36.9698269,127.8707894,36.9636084,0.306,07:20:38
45966,127.8727503,36.96684773,127.8738344,36.96902653,0.307,07:22:04
87812,127.8716741,36.973857,127.8742357,36.9705577,0.308,07:23:31
25706,127.8727311,36.9667286,127.8717796,36.9737715,0.309,07:24:57
89099,127.871296,36.9697555,127.8708822,36.9634213,0.31,07:26:24
62919,127.8740229,36.9679469,127.8713518,36.9649172,0.311,07:27:50
29808,127.8712125,36.96485565,127.8711624,36.96949768,0.312,07:29:16
153867,127.8723316,36.9740431,127.8740999,36.9679926,0.313,07:30:43
25233,127.8690639,36.96903324,127.8718481,36.97389194,0.314,07:32:09
125949,127.8701011,36.9718075,127.8726564,36.9695124,0.315,07:33:36
64609,127.873226,36.9689017,127.8727905,36.9669119,0.316,07:35:02
12748,127.8724455,36.97402855,127.8712659,36.9651198,0.317,07:36:28
125726,127.8690906,36.9690573,127.8713287,36.9653413,0.318,07:37:55
27542,127.8704882,36.9716791,127.8726938,36.9695122,0.319,07:39:21
13190,127.8700692,36.96834232,127.8723206,36.9740796,0.32,07:40:48
28925,127.8713473,36.9652038,127.8727616,36.9668075,0.321,07:42:14
129349,127.8713022,36.96485529,127.8711435,36.96939796,0.322,07:43:40
153733,127.8733914,36.97358499,127.8713904,36.96973582,0.323,07:45:07
60324,127.8712014,36.96512342,127.8717764,36.97093075,0.324,07:46:33
25728,127.873551,36.97350213,127.8727329,36.96682381,0.325,07:48:00
62818,127.8742445,36.9704608,127.871153,36.9650268,0.326,07:49:26
44792,127.8714404,36.96992598,127.8728588,36.97279951,0.327,07:50:52
128067,127.8733318,36.9734973,127.8727544,36.9667666,0.328,07:52:19
99643,127.8711037,36.96358383,127.8734446,36.97351526,0.32899999999999996,07:53:45
28419,127.8717025,36.97376772,127.8733029,36.96893519,0.33,07:55:12
154436,127.8711964,36.96499876,127.8724532,36.97406972,0.331,07:56:38
113988,127.8733976,36.9735057,127.8744886,36.9704522,0.332,07:58:04
125407,127.8701463,36.9683817,127.8712536,36.9650065,0.333,07:59:31
132612,127.8718097,36.9738636,127.8708913,36.96354259,0.33399999999999996,08:00:57
89445,127.8741783,36.9705474,127.8710244,36.9635235,0.335,08:02:24
98495,127.8709235,36.9634681,127.8690787,36.9690031,0.336,08:03:50
144219,127.8712834,36.9652575,127.8717157,36.9711229,0.33699999999999997,08:05:16
109532,127.8713349,36.96973562,127.8739364,36.96797326,0.338,08:06:43
153495,127.8711143,36.96499774,127.871443,36.96993158,0.33899999999999997,08:08:09
30501,127.8713191,36.9670508,127.8690793,36.9690604,0.34,08:09:36
45859,127.8742145,36.9704138,127.870896,36.9638165,0.341,08:11:02
31307,127.8710405,36.96933284,127.8708483,36.96379261,0.34199999999999997,08:12:28
134152,127.870153,36.96831278,127.8723752,36.97405471,0.343,08:13:55
50877,127.8710178,36.96380951,127.8711898,36.96701274,0.344,08:15:21
109975,127.8712826,36.9652294,127.8734475,36.973559,0.345,08:16:48
86865,127.8740984,36.96801235,127.8717804,36.97390749,0.34600000000000003,08:18:14
28134,127.8728508,36.9667786,127.8742667,36.9705531,0.347,08:19:40
96460,127.8733174,36.96898615,127.8700269,36.96836861,0.34800000000000003,08:21:07
115033,127.8709789,36.96342031,127.8733481,36.97358352,0.349,08:22:33
144199,127.8691213,36.96912827,127.8712071,36.96517011,0.35,08:24:00
131947,127.8711303,36.9648019,127.8717986,36.9708867,0.35100000000000003,08:25:26
125292,127.8727596,36.9695579,127.8701228,36.97191906,0.352,08:26:52
127146,127.8713405,36.9698439,127.8724066,36.973991,0.35300000000000004,08:28:19
155528,127.8732925,36.96758375,127.8724135,36.97407594,0.354,08:29:45
155229,127.8732577,36.96749986,127.8708498,36.96353413,0.355,08:31:12
101263,127.8735226,36.97351777,127.8711836,36.96524052,0.35600000000000004,08:32:38
11932,127.869132,36.96907155,127.8711403,36.96518907,0.357,08:34:04
43467,127.8717577,36.97388283,127.8742278,36.97048058,0.358,08:35:31
43752,127.871979,36.97214267,127.8708768,36.9633812,0.359,08:36:57
152520,127.8715364,36.96974466,127.872751,36.96682317,0.36,08:38:24
46716,127.8700408,36.9718937,127.8742495,36.9705582,0.36100000000000004,08:39:50
101014,127.8723363,36.97406322,127.8727421,36.96684456,0.362,08:41:16
126163,127.8712384,36.96522664,127.8734042,36.97352276,0.363,08:42:43
29537,127.8716907,36.9738484,127.8732542,36.9688838,0.364,08:44:09
90466,127.8712877,36.96500847,127.8723403,36.97380563,0.365,08:45:36
95385,127.8718565,36.97378703,127.8698604,36.9683982,0.366,08:47:02
62350,127.8738389,36.9690329,127.8734389,36.9735381,0.367,08:48:28
128659,127.8723896,36.97407036,127.870931,36.96922937,0.368,08:49:55
89861,127.8717175,36.9737769,127.8710633,36.96355276,0.369,08:51:21
43808,127.8740707,36.96793259,127.8742544,36.97051754,0.37,08:52:48
43914,127.8723927,36.9740159,127.8742347,36.9705168,0.371,08:54:14
155113,127.8699718,36.9683481,127.8734508,36.9734857,0.372,08:55:40
23505,127.871211,36.96510785,127.8708984,36.9693072,0.373,08:57:07
50628,127.8712268,36.964654,127.8715178,36.9673077,0.374,08:58:33
23630,127.8717838,36.9737806,127.8712253,36.9647758,0.375,09:00:00
77735,127.8734035,36.9735358,127.8713419,36.9698075,0.376,09:01:26
112913,127.8713021,36.9651329,127.8708162,36.9691902,0.377,09:02:52
100944,127.8727113,36.969562,127.8719273,36.9719806,0.378,09:04:19
77906,127.8712716,36.9651574,127.8724194,36.97403502,0.379,09:05:45
23705,127.8727356,36.9668273,127.8742748,36.9704847,0.38,09:07:12
63876,127.8734231,36.97353578,127.8712517,36.96533244,0.381,09:08:38
63619,127.8717623,36.9709253,127.8734061,36.9735404,0.382,09:10:04
98652,127.8711385,36.9651419,127.868816,36.969224,0.38299999999999995,09:11:31
90345,127.8712536,36.9651534,127.8713702,36.9698462,0.384,09:12:57
23902,127.8712467,36.9649031,127.8727555,36.9668077,0.385,09:14:24
114138,127.8728871,36.967553,127.8709509,36.96350892,0.386,09:15:50
42990,127.8713309,36.97087083,127.8711633,36.96509902,0.387,09:17:16
45942,127.8734596,36.97357966,127.8719331,36.97198436,0.38799999999999996,09:18:43
23385,127.8724697,36.97404173,127.8712044,36.96505898,0.38899999999999996,09:20:09
30919,127.8714237,36.9697251,127.871193,36.965188,0.39,09:21:36
29505,127.8724086,36.9739854,127.870899,36.9633669,0.391,09:23:02
155264,127.8734128,36.9735474,127.8742948,36.9705391,0.392,09:24:28
109582,127.874071,36.96807897,127.8718876,36.97391924,0.39299999999999996,09:25:55
31053,127.8723334,36.9740898,127.8691117,36.9691149,0.39399999999999996,09:27:21
45482,127.8728639,36.9728903,127.874276,36.9705481,0.395,09:28:48
26889,127.8713453,36.96989532,127.8723289,36.97402594,0.396,09:30:14
30060,127.8732587,36.96897871,127.8709213,36.96380493,0.397,09:31:40
114540,127.8727537,36.96957681,127.8719805,36.9720779,0.39799999999999996,09:33:07
24679,127.8702061,36.96823738,127.8713614,36.96979735,0.39899999999999997,09:34:33
23259,127.872746,36.97295173,127.8742091,36.97049218,0.4,09:36:00
111670,127.8708822,36.96933376,127.8709031,36.96368333,0.401,09:37:26
77466,127.869102,36.9691122,127.8713638,36.9699575,0.402,09:38:52
130915,127.8723699,36.9740321,127.8701961,36.9682833,0.40299999999999997,09:40:19
87743,127.872771,36.96684993,127.8724398,36.97400615,0.40399999999999997,09:41:45
107800,127.8733723,36.97357334,127.8699984,36.96838997,0.405,09:43:12
63099,127.8723903,36.9740327,127.8710621,36.9637811,0.406,09:44:38
132977,127.8733296,36.96898653,127.8723342,36.97405628,0.40700000000000003,09:46:04
152533,127.8742965,36.97047752,127.8712124,36.96518476,0.408,09:47:31
129084,127.8712374,36.9649468,127.8691554,36.9691217,0.409,09:48:57
127317,127.8712906,36.9651596,127.8691719,36.9691672,0.41,09:50:24
112677,127.8691784,36.96922705,127.8718307,36.97384337,0.41100000000000003,09:51:50
87985,127.8717917,36.97386164,127.8711477,36.96496959,0.41200000000000003,09:53:16
111613,127.8717057,36.97384347,127.8733485,36.96904859,0.413,09:54:43
26883,127.8719767,36.97196093,127.8713903,36.96984257,0.414,09:56:09
95270,127.8690945,36.96904208,127.8711838,36.96475552,0.415,09:57:36
26679,127.8700397,36.97192304,127.8726769,36.96948474,0.41600000000000004,09:59:02
108858,127.8740677,36.9679291,127.8719181,36.9720012,0.41700000000000004,10:00:28
111348,127.8740756,36.9679077,127.8734365,36.9734902,0.418,10:01:55
154347,127.8725305,36.97418795,127.8712324,36.96518633,0.419,10:03:21
78651,127.872298,36.9740081,127.8719173,36.9719663,0.42,10:04:48
99784,127.8710637,36.96920876,127.8734323,36.97355169,0.42100000000000004,10:06:14
32918,127.8740504,36.9679061,127.8709886,36.963809,0.42200000000000004,10:07:40
97760,127.8711432,36.96485316,127.8709586,36.96924597,0.423,10:09:07
12140,127.8723802,36.9740304,127.8729021,36.9675534,0.424,10:10:33
44284,127.8692595,36.96913871,127.8710613,36.96548129,0.425,10:12:00
30800,127.8727492,36.9667935,127.8709448,36.9637233,0.426,10:13:26
98303,127.8711237,36.964907,127.8727692,36.9668161,0.42700000000000005,10:14:52
134053,127.8728306,36.9668069,127.8690763,36.9692272,0.428,10:16:19
61867,127.8711148,36.9647693,127.8717063,36.9737545,0.429,10:17:45
90992,127.8708689,36.9634053,127.8691669,36.9691006,0.43,10:19:12
132629,127.8718347,36.9709103,127.8723464,36.97409009,0.431,10:20:38
128319,127.8713286,36.9696721,127.873405,36.973496,0.43200000000000005,10:22:04
46484,127.8735253,36.97338884,127.8728547,36.96755036,0.43299999999999994,10:23:31
125655,127.8690416,36.9690651,127.8708339,36.9635485,0.434,10:24:57
48944,127.8728239,36.9728193,127.8712149,36.9649027,0.435,10:26:24
62531,127.8737986,36.9688412,127.8734352,36.9735516,0.436,10:27:50
47337,127.871258,36.965141,127.874042,36.9678646,0.43700000000000006,10:29:16
110550,127.8728547,36.9728916,127.87099,36.96355032,0.43799999999999994,10:30:43
24591,127.8711091,36.96378699,127.8690462,36.96911266,0.439,10:32:09
96410,127.8701222,36.9683576,127.8723584,36.97407034,0.44,10:33:36
77442,127.8691739,36.96907403,127.8723272,36.97401356,0.441,10:35:02
45988,127.8739972,36.967915,127.8723781,36.9740831,0.44200000000000006,10:36:28
114813,127.8714696,36.96529307,127.8732862,36.96894297,0.44299999999999995,10:37:55
49451,127.8734749,36.9734946,127.8740211,36.9678986,0.444,10:39:21
44881,127.871349,36.9698244,127.8712854,36.9651209,0.445,10:40:48
127980,127.8723884,36.97411737,127.8733195,36.96895691,0.446,10:42:14
86887,127.871725,36.97386181,127.8701478,36.96830212,0.447,10:43:40
48778,127.8719469,36.97391149,127.8711754,36.96501058,0.44799999999999995,10:45:07
131698,127.872755,36.97293113,127.8691816,36.96907229,0.449,10:46:33
131513,127.8723601,36.9741411,127.8717771,36.9711434,0.45,10:48:00
110123,127.8708283,36.96346502,127.871726,36.97371981,0.451,10:49:26
127669,127.8715649,36.96973627,127.8709392,36.96357324,0.452,10:50:52
30570,127.8712569,36.9650436,127.872766,36.9667369,0.45299999999999996,10:52:19
97873,127.8718186,36.9709018,127.8712048,36.9652918,0.45399999999999996,10:53:45
63611,127.871211,36.9650407,127.8716062,36.970822,0.455,10:55:12
63004,127.8728536,36.9675427,127.8712432,36.9649916,0.456,10:56:38
43678,127.8728957,36.96753263,127.8691549,36.96913375,0.457,10:58:04
131630,127.872005,36.97206986,127.8727271,36.96954385,0.45799999999999996,10:59:31
131054,127.8719449,36.97196691,127.8713516,36.9697631,0.45899999999999996,11:00:57
111055,127.8728933,36.9668714,127.8718963,36.9735835,0.46,11:02:24
114391,127.8711965,36.96474601,127.8691028,36.9690352,0.461,11:03:50
81152,127.8710223,36.96364866,127.8723738,36.9740874,0.462,11:05:16
28373,127.8723592,36.9740572,127.8712453,36.9653032,0.46299999999999997,11:06:43
41797,127.8717788,36.9737737,127.8712853,36.96522,0.46399999999999997,11:08:09
89126,127.8717189,36.97382572,127.8711244,36.96491478,0.465,11:09:36
31306,127.8710038,36.9637673,127.8692604,36.9691332,0.466,11:11:02
114970,127.8714036,36.96989605,127.8723321,36.97408637,0.467,11:12:28
48867,127.8732069,36.9689493,127.8728763,36.9728106,0.46799999999999997,11:13:55
77355,127.8740285,36.9679864,127.8712083,36.9649222,0.469,11:15:21
43809,127.8728487,36.9727504,127.869136,36.9690739,0.47,11:16:48
155294,127.871138,36.96442901,127.8713607,36.96976943,0.47100000000000003,11:18:14
109061,127.8717309,36.9711182,127.8727726,36.9668344,0.47200000000000003,11:19:40
43790,127.8710566,36.9649769,127.8727236,36.96678017,0.473,11:21:07
126196,127.8709366,36.96346347,127.8727347,36.96678827,0.474,11:22:33
66668,127.8734985,36.973477,127.8711503,36.9648201,0.475,11:24:00
44834,127.8713351,36.96531029,127.8727385,36.97287901,0.47600000000000003,11:25:26
88378,127.8727787,36.96966814,127.870093,36.97193509,0.47700000000000004,11:26:52
45879,127.8711473,36.964723,127.8742779,36.9705217,0.478,11:28:19
152395,127.8713561,36.9698366,127.8709483,36.9634313,0.479,11:29:45
132133,127.8732517,36.96892264,127.8723851,36.97410091,0.48,11:31:12
113504,127.871458,36.96980711,127.8709609,36.96353943,0.48100000000000004,11:32:38
45326,127.8712958,36.96514657,127.8733034,36.96900991,0.48200000000000004,11:34:04
88710,127.8700782,36.96833551,127.8701024,36.97192316,0.483,11:35:31
25491,127.8709488,36.96346548,127.8727078,36.96678125,0.484,11:36:57
63431,127.8711917,36.96509661,127.8714222,36.9699427,0.485,11:38:24
24460,127.8712695,36.96481315,127.8710764,36.96927071,0.48600000000000004,11:39:50
110470,127.8722971,36.9740038,127.8710937,36.9693493,0.48700000000000004,11:41:16
49514,127.8724128,36.97403611,127.8714393,36.9699101,0.488,11:42:43
64758,127.8711428,36.96485931,127.8728656,36.96755373,0.489,11:44:09
153287,127.8738316,36.9734919,127.870187,36.9683326,0.49,11:45:36
114359,127.8709323,36.96922085,127.8709485,36.96344881,0.491,11:47:02
28517,127.8718407,36.9740848,127.871249,36.9651937,0.49200000000000005,11:48:28
130594,127.8723484,36.97403359,127.8732782,36.96895134,0.493,11:49:55
26964,127.8713512,36.9698132,127.8734065,36.9735001,0.494,11:51:21
27938,127.8728298,36.96681908,127.8710214,36.96383194,0.495,11:52:48
27932,127.8742937,36.97044811,127.8723751,36.97401873,0.496,11:54:14
12085,127.8734076,36.9735391,127.8728736,36.9675642,0.49700000000000005,11:55:40
48732,127.8711099,36.96483092,127.871088,36.96919608,0.49799999999999994,11:57:07
131158,127.8733961,36.96904676,127.8724107,36.97405437,0.499,11:58:33
144239,127.8714017,36.96523309,127.869128,36.969044,0.5,12:00:00
131336,127.8712539,36.96496473,127.8723488,36.97404451,0.501,12:01:26
130340,127.8733826,36.9735066,127.8715799,36.9709209,0.502,12:02:52
131988,127.8734195,36.9735705,127.8727364,36.966877,0.503,12:04:19
110617,127.8723433,36.9740558,127.8700489,36.97172236,0.504,12:05:45
45145,127.8711783,36.9648614,127.871843,36.971033,0.505,12:07:12
51008,127.8701567,36.96834356,127.8711058,36.9648241,0.506,12:08:38
31515,127.8712495,36.9649124,127.8724265,36.9740619,0.507,12:10:04
125286,127.8728961,36.97288762,127.8737916,36.96905329,0.508,12:11:31
101130,127.8718147,36.9739465,127.8711959,36.965157,0.509,12:12:57
12414,127.8709913,36.96379321,127.8732959,36.9689223,0.51,12:14:24
134116,127.8710907,36.9693518,127.8727067,36.9668516,0.511,12:15:50
133713,127.8726591,36.96958366,127.8733799,36.9735806,0.512,12:17:16
96648,127.8717541,36.9738319,127.8691248,36.9690608,0.513,12:18:43
27569,127.872888,36.96766354,127.8691403,36.96913491,0.514,12:20:09
114593,127.871808,36.97388941,127.8712464,36.96491998,0.515,12:21:36
88620,127.8712801,36.96478228,127.8710463,36.96934344,0.516,12:23:02
109008,127.8729335,36.9728469,127.8713606,36.969853,0.517,12:24:28
129270,127.8710249,36.96346241,127.872727,36.96682783,0.518,12:25:55
114385,127.8729545,36.96759222,127.871203,36.96489487,0.519,12:27:21
12841,127.8727912,36.96683506,127.8710037,36.96365142,0.52,12:28:48
50980,127.8712353,36.9648815,127.8701374,36.9683426,0.521,12:30:14
46572,127.8732819,36.9689394,127.8708532,36.9638047,0.522,12:31:40
111209,127.8691246,36.9691275,127.8709529,36.9634895,0.523,12:33:07
26933,127.8711986,36.96492481,127.8742508,36.97050537,0.524,12:34:33
24655,127.8719075,36.97200513,127.8708808,36.96343076,0.525,12:36:00
133417,127.8723284,36.97410157,127.8716112,36.96971857,0.526,12:37:26
108870,127.8709918,36.96354803,127.8723807,36.9740628,0.527,12:38:52
131527,127.871349,36.9653266,127.8728566,36.9728103,0.5279999999999999,12:40:19
152588,127.8709728,36.9634252,127.8723298,36.9740889,0.529,12:41:45
110233,127.8727615,36.96689372,127.8690458,36.96909686,0.53,12:43:12
99031,127.8718064,36.97394663,127.8712569,36.96685634,0.531,12:44:38
107663,127.8718824,36.97386225,127.8732847,36.96893103,0.532,12:46:04
94584,127.8712736,36.9650341,127.8740508,36.9679304,0.5329999999999999,12:47:31
125953,127.8732681,36.9675004,127.8711905,36.96523065,0.534,12:48:57
132088,127.8709618,36.96357642,127.8713738,36.96986723,0.535,12:50:24
98258,127.8728711,36.96756111,127.8723862,36.97402062,0.536,12:51:50
111155,127.872917,36.9676001,127.870959,36.96347053,0.537,12:53:16
89287,127.8723096,36.97392783,127.8712332,36.96506321,0.5379999999999999,12:54:43
131743,127.8691772,36.9691245,127.8701077,36.9719345,0.539,12:56:09
90938,127.8712443,36.9652897,127.872354,36.9740487,0.54,12:57:36
88963,127.8727417,36.9668223,127.8708886,36.9634571,0.541,12:59:02
126070,127.871247,36.9653298,127.873427,36.9735122,0.542,13:00:28
89048,127.8709171,36.9635001,127.86914,36.9690346,0.5429999999999999,13:01:55
62438,127.871778,36.97100736,127.8708381,36.96375375,0.5439999999999999,13:03:21
29547,127.8712877,36.9652396,127.8727045,36.9694895,0.545,13:04:48
100964,127.8690933,36.96911588,127.871721,36.97384122,0.546,13:06:14
128503,127.8712449,36.96711554,127.8711512,36.9693556,0.547,13:07:40
43597,127.8689431,36.9692406,127.8712316,36.9652456,0.5479999999999999,13:09:07
80801,127.8713199,36.9653317,127.8699589,36.968324,0.5489999999999999,13:10:33
30166,127.8742375,36.9704635,127.8700965,36.9682965,0.55,13:12:00
23458,127.8719201,36.97202617,127.8711485,36.96482679,0.551,13:13:26
27779,127.8712359,36.96489676,127.870095,36.96830964,0.552,13:14:52
126999,127.8710895,36.96345294,127.8741845,36.97050335,0.5529999999999999,13:16:19
96948,127.8719376,36.9720039,127.8711751,36.9650296,0.5539999999999999,13:17:45
127468,127.8718253,36.9737231,127.8710511,36.9648648,0.555,13:19:12
95191,127.8712054,36.9650543,127.8728466,36.9675604,0.556,13:20:38
43607,127.871384,36.96525573,127.8710811,36.96932692,0.557,13:22:04
45392,127.8742299,36.97056872,127.8711389,36.96514586,0.5579999999999999,13:23:31
23814,127.8713099,36.96509044,127.8743156,36.97050752,0.5589999999999999,13:24:57
63121,127.8734638,36.97345168,127.8712023,36.96516299,0.56,13:26:24
28847,127.8709047,36.9636858,127.8734833,36.9734942,0.561,13:27:50
112920,127.8690793,36.9690364,127.8711369,36.9650994,0.562,13:29:16
109453,127.8712984,36.96514386,127.8734298,36.97349434,0.563,13:30:43
49177,127.8725114,36.97397289,127.8702911,36.96837184,0.564,13:32:09
114902,127.8712902,36.96534793,127.8716192,36.97115437,0.565,13:33:36
79917,127.8710912,36.96494806,127.8691143,36.96905307,0.5660000000000001,13:35:02
23757,127.8712029,36.96510896,127.8724105,36.97408527,0.5670000000000001,13:36:28
110937,127.8743144,36.97061013,127.8726861,36.96689724,0.568,13:37:55
12728,127.8732634,36.96893624,127.8711281,36.96488634,0.569,13:39:21
50253,127.8724596,36.97409937,127.8690996,36.96907549,0.57,13:40:48
112944,127.8717731,36.9709087,127.8728081,36.9667992,0.5710000000000001,13:42:14
61457,127.8711523,36.96515819,127.8728858,36.9675534,0.5720000000000001,13:43:40
112884,127.8717558,36.97377372,127.8726437,36.96954552,0.573,13:45:07
46697,127.8701536,36.9683494,127.8723517,36.9740561,0.574,13:46:33
50138,127.8718099,36.97090412,127.8712642,36.96529966,0.575,13:48:00
47187,127.8700587,36.96827242,127.8712092,36.96523501,0.5760000000000001,13:49:26
96385,127.8717208,36.97375831,127.8713816,36.96983711,0.5770000000000001,13:50:52
50098,127.8717914,36.9737979,127.8692174,36.9690913,0.578,13:52:19
127116,127.8710441,36.9693371,127.8742771,36.9704993,0.579,13:53:45
108896,127.8742225,36.9705046,127.87233,36.9740738,0.58,13:55:12
88659,127.8718071,36.97381912,127.8727554,36.96681476,0.5810000000000001,13:56:38
108345,127.8717837,36.9737113,127.871103,36.9693537,0.5820000000000001,13:58:04
11972,127.8722923,36.9740309,127.871184,36.9650879,0.583,13:59:31
144325,127.8709426,36.9634478,127.8732632,36.9675588,0.584,14:00:57
130159,127.8709902,36.96928524,127.8718716,36.97386618,0.585,14:02:24
90875,127.8733023,36.96895715,127.8712771,36.96541571,0.586,14:03:50
27091,127.8711037,36.96392758,127.8718762,36.97391184,0.5870000000000001,14:05:16
48524,127.8739462,36.96910084,127.8711643,36.96479254,0.588,14:06:43
129302,127.8710135,36.96346641,127.8728661,36.97284513,0.589,14:08:09
97512,127.8723226,36.9740634,127.8726757,36.9695015,0.59,14:09:36
90477,127.8742393,36.97056952,127.8718129,36.97387176,0.591,14:11:02
126749,127.8712067,36.96511823,127.873413,36.97350026,0.5920000000000001,14:12:28
78243,127.8691307,36.96918646,127.8742161,36.97053341,0.593,14:13:55
64910,127.8709358,36.9634568,127.8734896,36.9734084,0.594,14:15:21
47252,127.8726469,36.96992391,127.8711506,36.96374104,0.595,14:16:48
50786,127.8718986,36.9735755,127.8711057,36.9693562,0.596,14:18:14
98413,127.8717208,36.97378441,127.8742478,36.97062113,0.5970000000000001,14:19:40
132625,127.8727826,36.9668554,127.8712438,36.9652837,0.598,14:21:07
113458,127.8723882,36.97397823,127.8713945,36.96984054,0.599,14:22:33
95506,127.8718255,36.9738317,127.8691301,36.969103,0.6,14:24:00
128774,127.8724784,36.97410977,127.8700592,36.96833799,0.601,14:25:26
44271,127.8718149,36.9736377,127.8711626,36.964799,0.602,14:26:52
30749,127.871237,36.9650429,127.87111,36.9692271,0.603,14:28:19
64979,127.8723335,36.9740068,127.8713982,36.9699937,0.604,14:29:45
126440,127.8716825,36.97372965,127.8711906,36.96486855,0.605,14:31:12
115625,127.871175,36.96493198,127.8742729,36.97054171,0.606,14:32:38
45648,127.8701735,36.96833159,127.8711673,36.96481487,0.607,14:34:04
87568,127.8709514,36.96346017,127.8728684,36.97279129,0.608,14:35:31
131276,127.8722834,36.9740496,127.8701407,36.96838293,0.609,14:36:57
113594,127.8724583,36.97405576,127.871257,36.96537517,0.61,14:38:24
98877,127.8711949,36.96490422,127.8728546,36.97281447,0.611,14:39:50
128041,127.8716987,36.97372354,127.872734,36.9668295,0.612,14:41:16
155433,127.8723759,36.97408678,127.8713525,36.96527462,0.613,14:42:43
101219,127.8709118,36.96361045,127.8721722,36.97387213,0.614,14:44:09
62681,127.8734196,36.9735239,127.8691053,36.96909439,0.615,14:45:36
44203,127.87225,36.9740703,127.8712352,36.9652004,0.616,14:47:02
128692,127.8718855,36.97405501,127.8712459,36.96495689,0.617,14:48:28
50482,127.8712741,36.9650678,127.8742832,36.9706096,0.618,14:49:55
155347,127.8710859,36.96935717,127.8719536,36.9719954,0.619,14:51:21
127950,127.8713307,36.9652761,127.8728505,36.97283117,0.62,14:52:48
30567,127.872418,36.97414042,127.8714207,36.97003704,0.621,14:54:14
12579,127.8712484,36.96506219,127.8701246,36.96835412,0.622,14:55:40
27227,127.8709149,36.9637724,127.8717542,36.9738291,0.623,14:57:07
131012,127.874119,36.9680288,127.8723823,36.97401864,0.624,14:58:33
108443,127.8712306,36.9649295,127.8723492,36.97404428,0.625,15:00:00
155326,127.8734564,36.97354665,127.8740442,36.96797226,0.626,15:01:26
49317,127.8719263,36.9736779,127.8712595,36.965314,0.627,15:02:52
25505,127.8718526,36.97375266,127.8711667,36.96514738,0.628,15:04:19
25296,127.8723973,36.97409587,127.8701161,36.96831983,0.629,15:05:45
48387,127.874315,36.9704655,127.8723727,36.9740521,0.63,15:07:12
23043,127.8734453,36.9735013,127.8742367,36.9705384,0.631,15:08:38
30037,127.8709298,36.96372352,127.8741115,36.96793509,0.632,15:10:04
153530,127.8719227,36.9720346,127.8731538,36.9689624,0.633,15:11:31
80289,127.8723171,36.9740284,127.8712864,36.9668856,0.634,15:12:57
27233,127.8711724,36.9650306,127.8718168,36.9737521,0.635,15:14:24
108275,127.8717505,36.97098101,127.8723594,36.97409319,0.636,15:15:50
25498,127.8727681,36.96686945,127.871048,36.96372421,0.637,15:17:16
126696,127.8713144,36.96517132,127.8733906,36.97353542,0.638,15:18:43
130988,127.8742554,36.9704812,127.87178,36.9737411,0.639,15:20:09
62311,127.8717791,36.97091594,127.8728746,36.97282833,0.64,15:21:36
87939,127.8700697,36.9684229,127.8734183,36.9735505,0.641,15:23:02
43649,127.8713012,36.96530273,127.8722992,36.97403262,0.642,15:24:28
153115,127.8712502,36.96505864,127.8718733,36.97388668,0.643,15:25:55
101141,127.8733889,36.97348387,127.8710796,36.96937702,0.644,15:27:21
61923,127.87006,36.97198438,127.8727559,36.96683302,0.645,15:28:48
24073,127.8712261,36.9652778,127.8734399,36.973504,0.646,15:30:14
64599,127.8728855,36.96681699,127.8713459,36.96984622,0.647,15:31:40
43983,127.8712452,36.9650746,127.8700746,36.9682936,0.648,15:33:07
46309,127.8716093,36.96992137,127.8723419,36.97405976,0.649,15:34:33
107777,127.8709399,36.9634543,127.8711467,36.9693251,0.65,15:36:00
42822,127.8709772,36.96370524,127.8714395,36.97005014,0.651,15:37:26
43623,127.8713348,36.96925685,127.8717446,36.97378905,0.652,15:38:52
128249,127.8717483,36.9737461,127.8714362,36.9697809,0.6529999999999999,15:40:19
24757,127.8690704,36.9690293,127.8712062,36.9650682,0.654,15:41:45
95214,127.8742195,36.9706081,127.871272,36.9652003,0.655,15:43:12
154548,127.870797,36.9634625,127.8719024,36.9739478,0.656,15:44:38
108833,127.8728666,36.9675253,127.8717158,36.9737131,0.657,15:46:04
114422,127.8728696,36.97285548,127.8711849,36.9649297,0.6579999999999999,15:47:31
44928,127.8744508,36.97054446,127.8732701,36.96893646,0.659,15:48:57
98640,127.8709116,36.9634979,127.8710801,36.969294,0.66,15:50:24
110790,127.8732745,36.9689134,127.8709949,36.9634679,0.661,15:51:50
26856,127.8711465,36.9648788,127.8718246,36.9709408,0.662,15:53:16
133695,127.8701678,36.96810532,127.8709058,36.96351237,0.6629999999999999,15:54:43
108358,127.8691359,36.9691022,127.8713242,36.9652271,0.664,15:56:09
80989,127.8712142,36.9651825,127.8700866,36.96828918,0.665,15:57:36
86952,127.8712929,36.96533448,127.8728762,36.97289001,0.666,15:59:02
152494,127.8716507,36.96956724,127.8733778,36.97354169,0.667,16:00:28
108915,127.8716447,36.9739538,127.8712033,36.9648127,0.6679999999999999,16:01:55
111127,127.8719236,36.97201976,127.8728693,36.96758417,0.6689999999999999,16:03:21
32946,127.8723927,36.97403845,127.8713687,36.96980152,0.67,16:04:48
48631,127.8709356,36.9637612,127.8733857,36.9735136,0.671,16:06:14
43759,127.8728207,36.96749194,127.8728965,36.97280803,0.672,16:07:40
144471,127.8708995,36.9634282,127.871642,36.9733615,0.6729999999999999,16:09:07
28251,127.8712105,36.96511002,127.8718319,36.97093503,0.6739999999999999,16:10:33
152509,127.8700372,36.9683924,127.8714113,36.9653713,0.675,16:12:00
24490,127.8691379,36.969125,127.871862,36.9739113,0.676,16:13:26
128397,127.8713896,36.9668931,127.8726828,36.9695572,0.677,16:14:52
44509,127.8743634,36.9704299,127.8711349,36.9692929,0.6779999999999999,16:16:19
115970,127.8726495,36.9695989,127.871729,36.9739125,0.6789999999999999,16:17:45
81116,127.8726723,36.9668142,127.871801,36.97392244,0.68,16:19:12
144048,127.8701107,36.96826202,127.8727689,36.96681573,0.681,16:20:38
109918,127.8717276,36.97387157,127.8714745,36.97005824,0.682,16:22:04
88504,127.8716606,36.9696473,127.872329,36.9739604,0.6829999999999999,16:23:31
107905,127.872784,36.9695986,127.872754,36.9669215,0.6839999999999999,16:24:57
126283,127.8712961,36.9651886,127.8723929,36.974076,0.685,16:26:24
51005,127.8714803,36.96984812,127.8711221,36.96480659,0.686,16:27:50
24417,127.8719404,36.97392822,127.8711653,36.96493807,0.687,16:29:16
153116,127.8712397,36.9650664,127.87176,36.973816,0.688,16:30:43
99351,127.8733736,36.96892583,127.8711137,36.96381521,0.689,16:32:09
128657,127.8723925,36.97404918,127.8732694,36.96762378,0.69,16:33:36
95100,127.8712281,36.96501399,127.874189,36.97056927,0.6910000000000001,16:35:02
113045,127.871214,36.964973,127.8737727,36.9690163,0.6920000000000001,16:36:28
60658,127.8733926,36.9734915,127.8717638,36.9709228,0.693,16:37:55
43598,127.8723264,36.974037,127.8690737,36.969099,0.694,16:39:21
12544,127.8734846,36.97353977,127.8712875,36.96526937,0.695,16:40:48
90724,127.8717729,36.9737144,127.8711628,36.9649632,0.6960000000000001,16:42:14
96628,127.870038,36.96825211,127.8728721,36.97286142,0.6970000000000001,16:43:40
31329,127.8701806,36.968292,127.8709998,36.9636682,0.698,16:45:07
28097,127.8741777,36.9679912,127.8710593,36.96931738,0.699,16:46:33
78914,127.8711624,36.9648647,127.872853,36.9675421,0.7,16:48:00
79018,127.8723132,36.9739784,127.870906,36.9634781,0.7010000000000001,16:49:26
48415,127.8710796,36.9647132,127.8745461,36.9703311,0.7020000000000001,16:50:52
113201,127.872735,36.96683701,127.8711383,36.96938959,0.703,16:52:19
78511,127.8712507,36.9670639,127.8708746,36.9635025,0.704,16:53:45
133085,127.873399,36.97353621,127.8718576,36.97111702,0.705,16:55:12
95583,127.8710067,36.96351984,127.8713427,36.96980293,0.7060000000000001,16:56:38
127729,127.8712019,36.96716058,127.8710209,36.96436405,0.7070000000000001,16:58:04
62912,127.8710345,36.9641622,127.8740872,36.9680053,0.708,16:59:31
90475,127.87119,36.96487007,127.8723591,36.97406186,0.709,17:00:57
88325,127.874074,36.967728,127.8742176,36.970505,0.71,17:02:24
96296,127.8743171,36.9704841,127.8717424,36.97393793,0.711,17:03:50
154328,127.8701152,36.96829298,127.8724301,36.97405412,0.7120000000000001,17:05:16
64559,127.8742609,36.9705847,127.8740214,36.9679176,0.713,17:06:43
62525,127.8724195,36.97402757,127.8701756,36.96833203,0.714,17:08:09
61597,127.8700376,36.96834385,127.8727417,36.97285321,0.715,17:09:36
126927,127.8712396,36.96528048,127.8734396,36.97349017,0.716,17:11:02
64632,127.8710557,36.9692924,127.8708319,36.9634836,0.7170000000000001,17:12:28
97759,127.8711579,36.9648697,127.8727741,36.9667809,0.718,17:13:55
90879,127.8714627,36.96973858,127.870849,36.96352681,0.719,17:15:21
30431,127.8711629,36.96529743,127.8728327,36.97279516,0.72,17:16:48
24999,127.872768,36.966781,127.8708462,36.963404,0.721,17:18:14
45562,127.8711948,36.96475532,127.8717676,36.97096077,0.7220000000000001,17:19:40
145112,127.872446,36.9740801,127.8710362,36.9635095,0.723,17:21:07
108343,127.8690741,36.9691191,127.8710598,36.96494442,0.724,17:22:33
126887,127.8713366,36.96524546,127.8741074,36.96786878,0.725,17:24:00
43005,127.8734784,36.9734978,127.8691413,36.9690099,0.726,17:25:26
110906,127.8708783,36.9634365,127.8712141,36.9652994,0.727,17:26:52
89792,127.8719956,36.97199609,127.8727296,36.9668119,0.728,17:28:19
125736,127.871225,36.9653508,127.8691229,36.9690203,0.729,17:29:45
65415,127.8721386,36.97002078,127.8712223,36.9647837,0.73,17:31:12
111105,127.8717233,36.97392505,127.8740619,36.96790272,0.731,17:32:38
98657,127.8709658,36.9634583,127.869147,36.96916044,0.732,17:34:04
127978,127.8727479,36.9668242,127.8713368,36.9698373,0.733,17:35:31
44483,127.872876,36.97282047,127.8701194,36.9683085,0.734,17:36:57
49477,127.8739144,36.9689164,127.8711967,36.964764,0.735,17:38:24
109463,127.8713331,36.96526403,127.8734661,36.97350367,0.736,17:39:50
113202,127.8741483,36.96796321,127.872399,36.97407418,0.737,17:41:16
30889,127.8701771,36.96836624,127.8723571,36.9740577,0.738,17:42:43
49386,127.8736847,36.97329198,127.8739169,36.96788804,0.739,17:44:09
12583,127.8717771,36.9719231,127.8732821,36.9688999,0.74,17:45:36
131634,127.8717471,36.97366873,127.8701154,36.96830184,0.741,17:47:02
94612,127.8733114,36.96895982,127.8723615,36.97405758,0.742,17:48:28
46281,127.871265,36.9653517,127.8700256,36.96835968,0.743,17:49:55
101354,127.8699803,36.96829617,127.8717715,36.97390119,0.744,17:51:21
115050,127.8712443,36.96514685,127.8722683,36.97403343,0.745,17:52:48
78890,127.8712443,36.9652066,127.8700768,36.9719413,0.746,17:54:14
12901,127.8728442,36.97281781,127.8727071,36.96952598,0.747,17:55:40
46798,127.8713125,36.9698338,127.8740379,36.9679166,0.748,17:57:07
89229,127.8723587,36.973991,127.8708533,36.9634247,0.749,17:58:33
101099,127.8742787,36.97061389,127.873377,36.97356038,0.75,18:00:00
125772,127.8711859,36.964864,127.8728639,36.97286257,0.751,18:01:26
131809,127.8711468,36.9648179,127.8723143,36.97405075,0.752,18:02:52
115101,127.8734595,36.97346227,127.8701818,36.96819553,0.753,18:04:19
27383,127.8713248,36.9698115,127.8712344,36.9652328,0.754,18:05:45
23773,127.871098,36.96488078,127.8718216,36.97381818,0.755,18:07:12
125141,127.8718452,36.973683,127.8708855,36.9634826,0.756,18:08:38
42831,127.8728292,36.9674498,127.8710594,36.9693021,0.757,18:10:04
27403,127.8712213,36.9650462,127.874182,36.9704454,0.758,18:11:31
109315,127.8700896,36.96828758,127.8723583,36.97404994,0.7590000000000001,18:12:57
110112,127.8691726,36.9690984,127.8718445,36.9738656,0.76,18:14:24
45279,127.8719467,36.97202009,127.8734357,36.97350392,0.7609999999999999,18:15:50
98656,127.8710596,36.96344442,127.8701461,36.96849951,0.762,18:17:16
113811,127.8712472,36.96507602,127.8734755,36.97350387,0.763,18:18:43
27280,127.8728549,36.96755467,127.8710791,36.96490297,0.764,18:20:09
126544,127.8717319,36.97375319,127.8712586,36.96535345,0.765,18:21:36
49533,127.8711846,36.96485315,127.8740554,36.96796868,0.7659999999999999,18:23:02
109996,127.8729431,36.9675696,127.8734281,36.9735882,0.767,18:24:28
64392,127.8712946,36.9652844,127.8734479,36.973513,0.768,18:25:55
112908,127.8713584,36.96488759,127.8717513,36.97386995,0.769,18:27:21
12745,127.8700882,36.96827129,127.8728682,36.97285309,0.77,18:28:48
80332,127.8712804,36.96979854,127.8723577,36.97406944,0.7709999999999999,18:30:14
145308,127.8712526,36.9653246,127.872384,36.974064,0.772,18:31:40
41733,127.8701486,36.9719279,127.8732197,36.9735406,0.773,18:33:07
107763,127.8688782,36.9690867,127.8723861,36.9740811,0.774,18:34:33
45460,127.8718731,36.97372908,127.8711571,36.96479279,0.775,18:36:00
60817,127.872862,36.9727844,127.8711402,36.9652215,0.7759999999999999,18:37:26
61810,127.871901,36.97207673,127.8708122,36.96353633,0.777,18:38:52
127139,127.871368,36.96970924,127.8709884,36.96350857,0.7779999999999999,18:40:19
113331,127.8733356,36.96900221,127.8719958,36.9720402,0.779,18:41:45
23471,127.8712343,36.96507711,127.8713858,36.96982756,0.78,18:43:12
43737,127.872892,36.97272609,127.8742452,36.97051475,0.7809999999999999,18:44:38
81129,127.8722348,36.9739919,127.8714473,36.9669265,0.782,18:46:04
99326,127.8717216,36.97092,127.8709344,36.9634919,0.7829999999999999,18:47:31
97112,127.8724308,36.97407341,127.8710644,36.96379078,0.784,18:48:57
96796,127.8741925,36.9706041,127.8712555,36.964983,0.785,18:50:24
154301,127.871737,36.9708919,127.8712402,36.9652837,0.7859999999999999,18:51:50
80549,127.8727282,36.96956256,127.8712767,36.96534589,0.787,18:53:16
111708,127.8732715,36.9689483,127.8711451,36.9647942,0.7879999999999999,18:54:43
88017,127.8719629,36.9738318,127.8712239,36.96520253,0.789,18:56:09
131343,127.8710136,36.96347273,127.8727416,36.96685744,0.79,18:57:36
29363,127.8712014,36.9649244,127.8734496,36.9735011,0.7909999999999999,18:59:02
95549,127.8718741,36.97387113,127.8740038,36.96807674,0.792,19:00:28
88843,127.8708049,36.9634934,127.8700495,36.9684367,0.7929999999999999,19:01:55
115356,127.8731803,36.96891246,127.8718922,36.97195653,0.794,19:03:21
30530,127.8713309,36.9670375,127.8732632,36.9689366,0.795,19:04:48
63699,127.8700418,36.96837893,127.8709225,36.96376224,0.7959999999999999,19:06:14
50396,127.871506,36.96520527,127.8718,36.97090986,0.797,19:07:40
109885,127.8728739,36.9676007,127.8722733,36.9739917,0.7979999999999999,19:09:07
131745,127.8742586,36.9704963,127.871205,36.9649118,0.799,19:10:33
89879,127.8724977,36.966759,127.8734864,36.9734733,0.8,19:12:00
110144,127.8713398,36.96528586,127.8717063,36.97374509,0.8009999999999999,19:13:26
128452,127.8732338,36.9675377,127.8735726,36.9734631,0.802,19:14:52
64050,127.8723694,36.9740275,127.8711306,36.9648188,0.8029999999999999,19:16:19
78279,127.8742697,36.97057175,127.8711843,36.96517984,0.804,19:17:45
42884,127.8724152,36.97406738,127.8741352,36.9681029,0.805,19:19:12
128732,127.8733956,36.97356249,127.8732744,36.96898158,0.8059999999999999,19:20:38
94962,127.8723667,36.97407259,127.8708817,36.96356384,0.807,19:22:04
62455,127.8700438,36.9719484,127.8726924,36.9695113,0.8079999999999999,19:23:31
77717,127.870117,36.96832304,127.8723694,36.97409012,0.809,19:24:57
61029,127.8734349,36.9734844,127.8690825,36.9691001,0.81,19:26:24
145007,127.8717203,36.973269,127.8710902,36.9649631,0.8109999999999999,19:27:50
129198,127.8732719,36.96893274,127.8713049,36.96523392,0.812,19:29:16
134305,127.8713289,36.96988464,127.872415,36.97405526,0.813,19:30:43
132400,127.8708793,36.96345283,127.8700701,36.96833202,0.8140000000000001,19:32:09
89912,127.8727488,36.9668242,127.872953,36.9727887,0.815,19:33:36
96317,127.874287,36.97052418,127.8709678,36.96360621,0.816,19:35:02
12788,127.8719114,36.9719715,127.8712469,36.9650967,0.8170000000000001,19:36:28
44584,127.8690847,36.9690617,127.8712357,36.9646673,0.818,19:37:55
108459,127.8741629,36.97055359,127.8710031,36.96350148,0.8190000000000001,19:39:21
30502,127.8709821,36.9637139,127.8717768,36.9738075,0.82,19:40:48
30905,127.8734261,36.97353226,127.8740406,36.96794889,0.821,19:42:14
132218,127.8710079,36.96370679,127.873286,36.96893,0.8220000000000001,19:43:40
94620,127.8710745,36.9691981,127.8717317,36.9737444,0.823,19:45:07
45240,127.8711801,36.965153,127.8723629,36.97403201,0.8240000000000001,19:46:33
44039,127.8703976,36.96827308,127.8727505,36.96677077,0.825,19:48:00
153267,127.8711328,36.96937778,127.870926,36.96348226,0.826,19:49:26
111815,127.8734039,36.97357825,127.871507,36.96970004,0.8270000000000001,19:50:52
94668,127.8728917,36.96763191,127.8734236,36.97359111,0.828,19:52:19
101243,127.8717856,36.97089437,127.8710224,36.96346976,0.8290000000000001,19:53:45
26640,127.8728681,36.9675087,127.8726531,36.9695639,0.83,19:55:12
62734,127.8714033,36.9698169,127.8710623,36.9653403,0.831,19:56:38
113289,127.8717647,36.9735919,127.8691105,36.969023,0.8320000000000001,19:58:04
23338,127.8709777,36.963668,127.8726807,36.9695745,0.833,19:59:31
62066,127.8713127,36.96982731,127.8712213,36.96503659,0.8340000000000001,20:00:57
62076,127.8712287,36.96506328,127.8734164,36.97349825,0.835,20:02:24
24461,127.8717548,36.97386026,127.8700997,36.96839585,0.836,20:03:50
97999,127.8716583,36.97385336,127.8709273,36.96363973,0.8370000000000001,20:05:16
50901,127.8719292,36.9719588,127.8727533,36.9668118,0.838,20:06:43
88235,127.8719405,36.97209855,127.8712573,36.9652528,0.8390000000000001,20:08:09
153369,127.8722168,36.9739716,127.8727139,36.96958829,0.84,20:09:36
50560,127.8734421,36.9735289,127.8712347,36.9650296,0.841,20:11:02
89374,127.8718269,36.97372715,127.8726096,36.96679629,0.8420000000000001,20:12:28
125092,127.8723902,36.97402363,127.8712342,36.96522832,0.843,20:13:55
144049,127.8710043,36.96341696,127.8732931,36.9689479,0.8440000000000001,20:15:21
88106,127.8726943,36.9695934,127.8709479,36.9635436,0.845,20:16:48
90593,127.8717392,36.9737384,127.8714517,36.9692947,0.846,20:18:14
78102,127.8717653,36.9695299,127.8710403,36.96376099,0.8470000000000001,20:19:40
143930,127.8714097,36.9698757,127.8712282,36.9648691,0.848,20:21:07
145120,127.8701337,36.9685679,127.8709569,36.9634467,0.8490000000000001,20:22:33
63823,127.8723233,36.9740267,127.8711386,36.9648562,0.85,20:24:00
44559,127.8728844,36.9726975,127.8733287,36.96887,0.851,20:25:26
61439,127.8712592,36.9651728,127.8732586,36.96892578,0.852,20:26:52
133375,127.8741293,36.9679899,127.8718133,36.973864,0.853,20:28:19
62722,127.8741278,36.96804541,127.871841,36.97388942,0.8540000000000001,20:29:45
79947,127.8710103,36.96344653,127.8719839,36.97196755,0.855,20:31:12
94911,127.8710562,36.96926211,127.8717473,36.97375837,0.856,20:32:38
114761,127.8711596,36.96482412,127.8691087,36.96915112,0.857,20:34:04
43202,127.8717556,36.9737521,127.8690977,36.9690088,0.858,20:35:31
152628,127.871924,36.97383354,127.8712799,36.96479561,0.8590000000000001,20:36:57
131846,127.873572,36.9734314,127.8742464,36.9705614,0.86,20:38:24
152401,127.8718144,36.9737907,127.8713146,36.965217,0.861,20:39:50
112718,127.8741261,36.97053091,127.8711018,36.96348067,0.862,20:41:16
98874,127.8734191,36.97353635,127.871171,36.96490379,0.863,20:42:43
153135,127.8710658,36.96376272,127.8723906,36.97408003,0.8640000000000001,20:44:09
62483,127.8712234,36.96487189,127.8727467,36.9668139,0.865,20:45:36
46668,127.8733177,36.9735594,127.8701889,36.9683235,0.8659999999999999,20:47:02
110665,127.8709037,36.9693233,127.8728253,36.9675055,0.867,20:48:28
112854,127.8711743,36.96519582,127.8742582,36.97055266,0.868,20:49:55
88841,127.8713868,36.9670969,127.8718214,36.9737485,0.8690000000000001,20:51:21
78001,127.8714124,36.9698951,127.8742929,36.9705625,0.87,20:52:48
26953,127.8710657,36.964684,127.8743015,36.9704761,0.8709999999999999,20:54:14
113475,127.8709232,36.96346078,127.8700402,36.96837452,0.872,20:55:40
125411,127.8728499,36.97290943,127.8740438,36.96795623,0.873,20:57:07
155042,127.873421,36.9735048,127.8691553,36.9691721,0.8740000000000001,20:58:33
125705,127.8718321,36.97102635,127.8712317,36.96492654,0.875,21:00:00
44426,127.8727848,36.966817,127.8717636,36.9738989,0.8759999999999999,21:01:26
46496,127.8729014,36.9728326,127.8729007,36.9675248,0.877,21:02:52
65349,127.8727433,36.9667443,127.8714476,36.96982697,0.878,21:04:19
154774,127.8723535,36.97405216,127.8711379,36.9649181,0.8790000000000001,21:05:45
32803,127.871306,36.9652401,127.8740131,36.9678531,0.88,21:07:12
154447,127.8712999,36.9651693,127.870047,36.9719293,0.8809999999999999,21:08:38
109749,127.8732732,36.968936,127.874238,36.9706234,0.882,21:10:04
78430,127.8726956,36.96676735,127.8711159,36.96486917,0.883,21:11:31
155106,127.8714084,36.96971096,127.8728784,36.97280806,0.8840000000000001,21:12:57
128233,127.8714313,36.9697211,127.8719467,36.972018,0.885,21:14:24
28327,127.8733058,36.9689424,127.8724184,36.9740578,0.8859999999999999,21:15:50
42791,127.8713678,36.9698532,127.8712475,36.9652333,0.887,21:17:16
89015,127.8734169,36.9735542,127.8712711,36.9653353,0.888,21:18:43
155325,127.8709517,36.96346908,127.8740595,36.96791932,0.889,21:20:09
126669,127.8712954,36.96520854,127.8728396,36.97280749,0.89,21:21:36
44837,127.8725449,36.9728071,127.8733037,36.9688902,0.8909999999999999,21:23:02
113195,127.874244,36.97050355,127.8712665,36.9652137,0.892,21:24:28
12493,127.8713344,36.965088,127.8737752,36.9690448,0.893,21:25:55
48884,127.8709603,36.96331719,127.8699788,36.96831464,0.894,21:27:21
125588,127.8713615,36.96537935,127.8692451,36.96922183,0.895,21:28:48
111617,127.8717584,36.97377921,127.8691541,36.96910114,0.8959999999999999,21:30:14
125828,127.8712564,36.96504554,127.8742273,36.97051447,0.897,21:31:40
25725,127.8701331,36.96843004,127.8734181,36.9735213,0.898,21:33:07
50001,127.872492,36.97409681,127.8712075,36.96517154,0.899,21:34:33
33054,127.8719349,36.97209049,127.8712041,36.96503323,0.9,21:36:00
30781,127.8712559,36.9651321,127.8725426,36.9667555,0.9009999999999999,21:37:26
63958,127.8726061,36.97293641,127.8711908,36.96529963,0.902,21:38:52
96480,127.8731008,36.96888094,127.8712675,36.96518012,0.9029999999999999,21:40:19
99143,127.8710666,36.9693866,127.8723484,36.9740703,0.904,21:41:45
95326,127.8713397,36.96685965,127.8734312,36.97355084,0.905,21:43:12
108888,127.8711813,36.9651262,127.8721293,36.97372554,0.9059999999999999,21:44:38
128860,127.8732942,36.96753615,127.8709877,36.96351488,0.907,21:46:04
78728,127.8713936,36.96989151,127.8739971,36.967984,0.9079999999999999,21:47:31
62775,127.8735892,36.97341885,127.8711357,36.96479431,0.909,21:48:57
45421,127.8719597,36.9710628,127.87128,36.9651818,0.91,21:50:24
96734,127.8719131,36.97390324,127.8713207,36.96981808,0.9109999999999999,21:51:50
98446,127.8734797,36.96889652,127.8718,36.97384,0.912,21:53:16
47012,127.8709601,36.9637009,127.8734021,36.9734737,0.9129999999999999,21:54:43
130343,127.8717778,36.97381873,127.8710766,36.96932855,0.914,21:56:09
131142,127.8735744,36.97348121,127.8712487,36.96525113,0.915,21:57:36
29313,127.8712374,36.9648026,127.8733002,36.9689457,0.9159999999999999,21:59:02
153706,127.8712606,36.96500451,127.8718054,36.97378247,0.917,22:00:28
95194,127.8711304,36.96939693,127.8717526,36.97388712,0.9179999999999999,22:01:55
128929,127.8713236,36.96527887,127.8732358,36.96751091,0.919,22:03:21
12227,127.8733007,36.96895033,127.8723658,36.97409317,0.92,22:04:48
145086,127.8723956,36.97402433,127.869104,36.96904647,0.9209999999999999,22:06:14
44850,127.8710336,36.9637475,127.872767,36.9667928,0.922,22:07:40
23546,127.8691636,36.9690614,127.8709107,36.963749,0.9229999999999999,22:09:07
130509,127.8724188,36.97416027,127.8713231,36.96529473,0.924,22:10:33
62391,127.8710334,36.96485695,127.8717504,36.97098534,0.925,22:12:00
126184,127.8733363,36.9688734,127.8734228,36.973508,0.9259999999999999,22:13:26
48719,127.8711657,36.9638062,127.8734067,36.9735117,0.927,22:14:52
77448,127.8710857,36.9691565,127.8742273,36.970524,0.9279999999999999,22:16:19
23988,127.870174,36.96835116,127.8724425,36.97407731,0.929,22:17:45
131159,127.8723775,36.97407336,127.8714377,36.96995702,0.93,22:19:12
89959,127.8713485,36.9698478,127.8708824,36.9634491,0.9309999999999999,22:20:38
12974,127.8724134,36.9740644,127.8712221,36.9648343,0.932,22:22:04
43346,127.8714135,36.96512173,127.8710964,36.96936128,0.9329999999999999,22:23:31
89446,127.872821,36.9728769,127.8708852,36.9636935,0.934,22:24:57
114917,127.8710593,36.9647777,127.8715638,36.9711097,0.935,22:26:24
50819,127.8712028,36.96698936,127.8734275,36.97352388,0.9359999999999999,22:27:50
98440,127.8691616,36.9691734,127.872383,36.9740632,0.937,22:29:16
113120,127.8710377,36.9634542,127.8718282,36.97373663,0.938,22:30:43
23955,127.8726988,36.9667878,127.873503,36.9734537,0.9390000000000001,22:32:09
114336,127.8712949,36.96523735,127.8718335,36.9709458,0.94,22:33:36
49063,127.8712211,36.9649018,127.8723347,36.9740659,0.941,22:35:02
126059,127.8716649,36.9712879,127.8709035,36.9637296,0.9420000000000001,22:36:28
115107,127.8733944,36.9735084,127.8741184,36.9679603,0.943,22:37:55
61841,127.8713127,36.96471648,127.8734222,36.97352726,0.9440000000000001,22:39:21
64453,127.8714819,36.97009066,127.8723362,36.97406335,0.945,22:40:48
25006,127.8727493,36.966788,127.8717992,36.9737799,0.946,22:42:14
128708,127.8700049,36.96831923,127.8712766,36.96537024,0.9470000000000001,22:43:40
111654,127.8728059,36.9728623,127.8691329,36.9691349,0.948,22:45:07
96334,127.8717743,36.9739206,127.8701178,36.96832451,0.9490000000000001,22:46:33
27930,127.87429,36.97033645,127.8734845,36.97354579,0.95,22:48:00
131765,127.8732945,36.9689244,127.8733818,36.97352413,0.951,22:49:26
111498,127.8699722,36.96826879,127.8711993,36.96536712,0.9520000000000001,22:50:52
109555,127.8734455,36.9734971,127.8726845,36.9695166,0.953,22:52:19
95579,127.8727463,36.96686426,127.8712402,36.96520073,0.9540000000000001,22:53:45
28166,127.8711845,36.9648766,127.8717543,36.9737266,0.955,22:55:12
27631,127.8726961,36.96688257,127.8722821,36.97401399,0.956,22:56:38
113007,127.8717125,36.97109029,127.8713563,36.96529873,0.9570000000000001,22:58:04
94753,127.8732959,36.9689098,127.8699973,36.9684261,0.958,22:59:31
134068,127.87292,36.97280468,127.8691319,36.96905697,0.9590000000000001,23:00:57
90294,127.8711776,36.9647979,127.8723723,36.9740518,0.96,23:02:24
78564,127.8708857,36.9635052,127.872366,36.97405191,0.961,23:03:50
25353,127.8691331,36.9691437,127.8717527,36.9737638,0.9620000000000001,23:05:16
28563,127.8712848,36.9695772,127.8727855,36.9668009,0.963,23:06:43
48761,127.8710969,36.964835,127.8713588,36.9698824,0.9640000000000001,23:08:09
134467,127.8713328,36.96521311,127.8732962,36.9689378,0.965,23:09:36
78639,127.8723437,36.9740452,127.8726775,36.9695281,0.966,23:11:02
63697,127.8711768,36.9693665,127.8719192,36.9719958,0.9670000000000001,23:12:28
12002,127.8710578,36.96373847,127.8701328,36.97193347,0.968,23:13:55
96454,127.8701,36.96834735,127.8717543,36.97377457,0.9690000000000001,23:15:21
24183,127.8701439,36.97186551,127.8728792,36.96754341,0.97,23:16:48
99224,127.8690858,36.96930377,127.8711665,36.96482075,0.971,23:18:14
99754,127.8708796,36.96926348,127.8734166,36.97352493,0.9720000000000001,23:19:40
43038,127.8723723,36.97406096,127.8711394,36.9649471,0.973,23:21:07
131682,127.8728643,36.9728175,127.8740583,36.9678938,0.9740000000000001,23:22:33
79926,127.8692427,36.9691018,127.8709183,36.9634456,0.975,23:24:00
125510,127.8710804,36.96947804,127.8723776,36.97408501,0.976,23:25:26
44297,127.8727561,36.96674605,127.8708678,36.9638271,0.977,23:26:52
48768,127.8710921,36.9647803,127.8732299,36.96894649,0.978,23:28:19
107880,127.8711342,36.96345068,127.8718039,36.97097351,0.9790000000000001,23:29:45
78475,127.8734478,36.97349403,127.8712628,36.96708352,0.98,23:31:12
50647,127.8712318,36.9652604,127.8727717,36.9668008,0.981,23:32:38
25052,127.8727651,36.96675591,127.8723508,36.9740774,0.982,23:34:04
27822,127.8735956,36.9734645,127.8733201,36.9690151,0.983,23:35:31
111710,127.871718,36.97372606,127.8732854,36.96896697,0.9840000000000001,23:36:57
43008,127.8740782,36.96797947,127.8708854,36.96377338,0.985,23:38:24
23706,127.8708782,36.9634878,127.8734303,36.9735081,0.986,23:39:50
87997,127.8729902,36.97278138,127.8743124,36.97052938,0.987,23:41:16
129001,127.8711952,36.9648157,127.8728162,36.972785,0.988,23:42:43
62964,127.8732513,36.9689368,127.8712434,36.9650313,0.9890000000000001,23:44:09
126046,127.8727485,36.96689154,127.8734256,36.97355493,0.99,23:45:36
65327,127.8712469,36.96528606,127.872849,36.97280132,0.9909999999999999,23:47:02
154185,127.869167,36.9692436,127.873376,36.97354,0.992,23:48:28
129394,127.8734293,36.9735403,127.8727511,36.9668509,0.993,23:49:55
31385,127.8724675,36.97401269,127.8712737,36.96516381,0.9940000000000001,23:51:21
47331,127.8729362,36.97281237,127.8712352,36.96513612,0.995,23:52:48
127511,127.874228,36.97055242,127.8700623,36.96833673,0.9959999999999999,23:54:14
44434,127.871292,36.96529635,127.8727861,36.97283851,0.997,23:55:40
127300,127.8714398,36.96976027,127.8719644,36.97377683,0.998,23:57:07
78743,127.8709215,36.96348251,127.8711182,36.96932656,0.9990000000000001,23:58:33
